amount_reviews,critics_consensus,duration,image_urls,images,rating,release_date,tags,title
99,★英國傳奇歌手大衛鮑伊74歲冥誕，不朽名作《俘虜》經典重現！ ★音樂大師坂本龍一首次電影配樂之作，享譽國際！ ★日本影壇教父北野武大銀幕處女作！ ★榮獲第7屆日本電影金像獎最受歡迎影片獎及最佳影片五項大獎提名，第36屆坎城影展競賽片 ★第38屆每日映畫獎最佳影片、導演、男配角、電影音樂、劇本等五項大獎！ ★名列日本電影旬報獎「年度十大佳片」！ ★榮獲英國電影金像獎「最佳電影配樂」！  1942年爪哇日軍戰俘營裡，被俘的英軍上校勞倫斯(湯姆康提飾)因熟悉日語，經常擔任日軍與戰俘間的翻譯，減少兩方因觀念差異而造成的衝突，也因此與日方軍官關係不錯。直到某日，戰俘營長官世野井上尉(坂本龍一飾)帶回一名戰俘傑克(大衛鮑伊飾)，傑克狂放不羈又具煽動性的態度讓日軍與戰俘間的關係更為緊張，也讓居於中間的勞倫斯疲於奔命，而世野井與傑克之間隱晦的情愫卻悄悄展開…  【關於電影】  「搖滾變色龍」大衛鮑伊74歲冥誕　經典名作《俘虜》重返大銀幕 2021年1月8日是英國傳奇歌手大衛鮑伊74歲冥誕，他的經典名作《俘虜》也將於這天重返大銀幕，讓全台粉絲為之瘋狂。由日本名導大島渚執導的電影《俘虜》，集結了大衛鮑伊、坂本龍一、北野武等金牌卡司同台飆戲，不僅榮獲第7屆日本電影金像獎最受歡迎影片獎與第38屆每日映畫獎最佳影片、導演、男配角、電影音樂、劇本等五項大獎，更榮獲英國電影金像獎「最佳電影配樂」及第36屆坎城影展金棕櫚獎提名，名列日本電影旬報獎「年度十大佳片」，而大衛鮑伊與阪本龍一兩大音樂才子因戲結緣，他們在片中一場親吻臉頰的戲展現若有似無的隱晦情愫，更成為影壇經典畫面之一。大衛鮑伊曾坦言有段時間幾乎每週都有近十部劇本找他演出，他說：「我很推崇大島渚導演的作品，此外《俘虜》找我演出的角色本身的力量也非常吸引我，能參與演出真的很榮幸。」  音樂大師坂本龍一首任電影配樂　電影主題曲享譽國際 傳奇音樂大師坂本龍一首次跨足電影配樂的作品正是經典名作《俘虜》，他坦言是導演大島渚的粉絲，因此在獲得演出機會後，他也自薦擔任電影配樂，他說：「據說原本是要讓大衛鮑伊也負責電影配樂，但他想專注在演出上因而婉拒，於是我就自薦接下了這份重任。」而在電影殺青後，坂本龍一特別要求三個月的時間製作配樂，他說：「那時做電影配樂頂多兩、三天的時間，導演卻給了我非常大的空間，在三個月的閉關期間他也只來找我聽過一次配樂，只說了：『這樣很好。』也沒有給予太多指正。」完全自由的創作空間讓坂本龍一得以自己從零開始著墨配樂的工作，他也透露最初就已經想好電影主題曲要跟聖誕節做聯繫，於是運用了洋溢奇幻聲調的樂器甘美朗化作充滿東洋風情的鐘聲，沒想到電影配樂一鳴驚人榮獲英國電影金像獎，電影主題曲更紅遍全世界，坂本龍一表示他到很多國家表演時都被要求要演奏這首歌，有一陣子他甚至對這首歌很反感，他說：「直到有天我又敞開心胸去聽這首歌，它依舊有一股力量存在，我也曾在瑞士的小鎮聽到教堂的鐘聲敲出這首歌的旋律，感覺真的很神奇。」 ,片　　長：02時03分,,"[{'url': 'https://movies.yahoo.com.tw/i/o/production/movies/December2020/47stWgkYLyGksubDawma-756x1080.jpg', 'path': 'D:\\Users\\Administrator\\django-react-app\\backend\\server\\django_media\\俘虜.jpg', 'checksum': '3a3cf693311312643405f0c3eb90eec9', 'status': 'uptodate'}]",3.9,上映日期：2021-01-08,,俘虜
98,改編自事件受害者雪村葉子自白書 ★ 由身兼精神科名醫的奇才導演和田秀樹執導 ★ 《我在妳的床下》西川可奈子、寫真女星平塚千瑛攜手主演！ ★ 2018 印度諾伊達影展評審團獎 ★ 2018 尼斯國際影展 ★ 2018 德國日本漢堡影展  東北鄉間的一名國三生的葉子，在大雪紛飛的元旦夜晚被五名男子強行擄走輪姦。度過地獄般的一夜，帶著滿身傷逃跑的她，原以為能夠重回家人溫暖的懷抱，但迎接她的卻是親人們的謾罵與同學們的嘲笑。心死的葉子決定利用男人報復男人，高中畢業後靠著援交賺的大筆金錢前往東京整形，展開白天念書、晚上在酒店調教男人的復仇生活。對葉子來說，15歲的那年開始，她就已注定永遠活在地獄中…… ,片　　長：02時05分,,"[{'url': 'https://movies.yahoo.com.tw/i/o/production/movies/December2020/5U16MUz4pvsUgeYbgSTn-756x1080.jpg', 'path': 'D:\\Users\\Administrator\\django-react-app\\backend\\server\\django_media\\少女墮落日記.jpg', 'checksum': 'f2f331f43f3f9922b05594af1bb95451', 'status': 'uptodate'}]",4.3,上映日期：2021-01-08,,少女墮落日記
100,燻牛肉、噴香雞油、高麗菜捲、燉肉丸、雞肉、酸黃瓜、醃辣椒與酸菜，祖傳三代的美味佳餚，陣陣飄香而來，齊格正是這間Kenny & Ziggy’s熟食餐廳老闆。齊格從小到大就跟祖父母感情很好，每天跟前跟後，8歲時，祖父突然丟給他一件圍裙說，「你夠大了，該自己維生了。」懵懵懂懂的他，就這麼踏進了廚房之路，在同齡同學都在外出遊玩的同時，齊格總是獨自著迷於廚房世界，大人也感受到他的「老靈魂」。感受到齊格對廚藝的興趣，媽媽送他到英國藍帶學院，甚至在倫敦米其林三星餐廳實習，父親也對他往精緻頂級廚界邁進有著深深期許。但齊格的內心一直心繫祖傳的美食，熱切好奇於家中美味的精隨，「誰來傳承這些料理」的念頭揮之不去。跟著饕客們說不完的美味故事，見證齊格如何熱愛熟食的美味，以及他付諸全心全意的美食與人生！  【關於電影】  《瘋狂亞洲富豪》《當哈利碰上莎莉》經典場景 熟食店美食垂涎三尺 《瘋狂亞洲富豪》、《當哈利碰上莎莉》、《瘋狂導火線》電影中經典的用餐場景讓「熟食店」廣為風靡，從百老匯、好萊塢不斷蔓延的美食風潮，而這個飲食文化其實蘊含著人文歷史的由來故事。熟食店可說是美國移民文化的精髓，同時也是根植紐約的美食文化。100多年前，成千上萬的歐洲移民來到紐約市，在喧鬧的紐約下東區落地生根，也因此建立起這個美國猶太移民的飲食文化，齊格家族祖傳多帶鼎富盛名的熟食事業也在此展開。熟食店文化鼎盛時期全美達上千家，但在時空背景的位移下，近代這樣的飲食文化已顯沒落。  4.5顆星美味 5顆星的人情味 跟著主廚重回熟食文化初心 不只供應食物 更是撫慰心靈的美味 齊格祖父是百老匯知名熟食店老闆，齊格8歲就到店裡幫忙，祖傳食物精神就此刻在他的骨子裡。他18歲時曾就讀倫敦餐飲學校，也曾在英國餐廳與知名主廚高登拉姆齊(Gordon Ramsay)一起工作過。精進廚藝、前進世界一直是他的夢想，直到某次與父親一起參加紐約熟食協會年度晚宴，見證從風光到沒落只剩下24位成員的光景，讓他立下頓悟，「我永遠不會忘記，我環顧四周，發現房間裡全都是六、七十歲的人。我對自己說：如果我不去做，誰來傳承我們的食物？」隔天，齊格便立刻回家與父親家人表明，要回家鄉接棒熟食店繼續傳承祖傳文化的決心，一路發展至今，在知名旅遊評鑑網站Tripadvisor上獲得4.5顆星高分評價，擄獲廣大饕客的心齊格的店與熟食店文化，不僅有讓人垂涎欲滴的美食，背後更充滿著世世代代的職人，乘載著無數熱愛的職業初心，讓他們的食物也如其人，有故事、有人情味！ ,片　　長：01時30分,,"[{'url': 'https://movies.yahoo.com.tw/i/o/production/movies/December2020/tDtGLHk8GLNuOiRAPYGF-756x1080.jpg', 'path': 'D:\\Users\\Administrator\\django-react-app\\backend\\server\\django_media\\媽呀！我餓了.jpg', 'checksum': 'cabed66dad12b47b03671fb5b75fc5e1', 'status': 'uptodate'}]",0.0,上映日期：2021-01-08,,媽呀！我餓了
83,★ 笑死！2021年第一部必看爆笑愛情喜劇！ ★ 全球賣座經典舞台喜劇改編，同名劇作曾獲綠光劇團改編搬演！ ★ 爭風吃醋的男女婚姻，靈異詭譎的人鬼陰陽，可笑滑稽的人性描述！ ★ 奧斯卡、金球獎得主茱蒂丹契搞笑演出，化身糊塗靈媒亂入人鬼三角戀！ ★《美女與野獸》丹史蒂文斯「與鬼談情」，變身風度翩翩文學作家！ ★《出神入化》艾拉費雪對尬《單身啪啪啪》萊絲莉曼恩，上演新舊人妻大亂鬥！  糊塗靈媒搞意外，前妻還魂尬新歡 文思枯竭的作家查爾斯（丹史蒂文斯飾演），為了新書取材，竟將腦筋動到怪力亂神，邀請靈媒阿卡蒂夫人（茱蒂丹契飾演）到他家舉辦招魂儀式。只是他萬萬沒想到，這場招魂竟讓他已經去世的亡妻艾薇拉（萊絲莉曼恩飾演）因此還魂在他眼前…。  眼看查爾斯與艾薇拉的亡魂即將舊情復燃，現任妻子露絲（艾拉費雪飾演）在擔憂老公「人鬼外遇」之際，卻發現艾薇拉竟打算把自己的老公一起拖入陰間。於是，露絲決定再找那位靈媒求助，想要揭發艾薇拉的陰謀，沒想到卻引來更大的風波…。  【關於電影】  笑死！年度必看爆笑愛情喜劇！ 《舊愛靈靈妻》改編自英國天才劇作家諾爾寇威爾（Noel Coward）的經典同名劇作。有劇作家、編曲家、演員與導演等多重身份的諾爾，光是出版過的劇本就超過五十部，音樂劇作品也有十多部，他更扮演過許多自己筆下的角色。劇場作品之外，他也曾出版詩集與小說，都受到全球極大推崇，並對英美的大眾文化、劇場及音樂劇電影有非常深遠的影響。不只是娛樂效果，在他幽默的文字技巧之下，作品更能在嬉笑怒罵當中直探人心。《時代》（Times）雜誌更曾形容他是「英語戲劇界的重要人物，沒人能像他如此多才多藝！」  諾爾在1941年的劇作《舊愛靈靈妻》，更是歐美劇場界「每逢十年就要重演」的經典代表作。劇情描述一位遇到寫作瓶頸的暢銷作家，不顧一切去尋找靈感，最後竟找來靈媒到家中作客，以便尋求嶄新寫作靈感，沒想到卻因此召回前妻的亡靈。而這位美麗又危險的亡靈，甚至打算密謀把作家拖入陰間，以便兩人可以「再續前緣」。本作在1941年於倫敦首演時，因為適逢二戰期間，一口氣就演出1997場，創造英語非音樂劇史上最長演出成績，更讓《紐約時報》（The New York Times）力讚：「優雅風格與伶牙俐齒的對話，構築出高效能的笑果，帶給觀眾暢快的體驗！」此後每逢經濟蕭條，歐美劇場都一定會重新搬演本劇，美國百老匯至今都在不斷重演；台灣更曾在2011年由綠光劇團改編登上舞台，由楊麗音、姚坤君、朱宏章、梁菲倚、廖君茲、鄧安寧、杜思慧等人共同演出，創下極佳口碑。  這部經典舞台劇作，如今終於翻拍成電影版，找來曾執導過影集《唐頓莊園》（Downton Abbey）的愛德華霍爾（Edward Hall）擔任導演，並請來《唐頓莊園》的「大表哥」丹史蒂文斯（Dan Stevens）、奧斯卡與金球獎得主茱蒂丹契（Judi Dench）、《出神入化》（Now You See Me）艾拉費雪（Isla Fisher），以及《單身啪啪啪》（How to Be Single）萊絲莉曼恩（Leslie Mann）領銜主演，並由監製暨編劇尼克莫克羅夫特（Nick Moorcroft）、梅格倫納德（Meg Leonard）一同改編劇本，並選在英國一座30年代風格的莊園進行拍攝。  尼克莫克羅夫特表示：「與劇本稍有不同的是，我們決定從30年代和40年代開始，從更加高調的現代主義當中，重置電影裝飾藝術風格的房子，以及好萊塢化的理想英國氣息。」而在片中飾演靈媒的茱蒂丹契也表示：「我認為現在是觀賞這部電影的最佳時機，我們真的會因此開懷大笑。」她也希望觀眾能在這個困難時期，透過本片減輕痛苦：「我希望觀眾可以度過一個愉快時光，開心地歡笑，藉此忘卻一些悲傷的事情。」,片　　長：01時35分,,"[{'url': 'https://movies.yahoo.com.tw/i/o/production/movies/December2020/mjpCV4tLuUAH0CmOqEnC-756x1080.jpg', 'path': 'D:\\Users\\Administrator\\django-react-app\\backend\\server\\django_media\\舊愛靈靈妻.jpg', 'checksum': '682ece0016ec58bfe22e665b44059fad', 'status': 'uptodate'}]",3.8,上映日期：2021-01-08,奇幻,舊愛靈靈妻
83,★《#藍色恐懼》、《#千年女優》、《#東京教父》、《#盜夢偵探》日本動畫大師今敏經典再現第三彈，唯一電視動畫十三集一刀未剪攻進大銀幕。 ★日本最膾炙人口的深夜成人動畫，今敏最具野心代表作。 ★音樂鬼才大師平澤進傾力操刀全劇配樂，洗腦神曲〈夢の島思念公園〉大銀幕首度再現。 ★當恐懼蔓延城市，球棒少年神秘現身，一生必看燒腦神作，精彩結局絕對讓你呆坐在座位上。 ★2004年日本文部省文化廳媒體藝術祭動畫部門推薦作品。  個性內向的鷺月子憑藉人氣玩偶瑪洛米成為炙手可熱的設計師，與此同時她也遭遇來自同行的妒嫉以及下一次創作的瓶頸。在一次夜歸途中，月子受傷住院，她聲稱遭到一名手持彎曲金屬球棍、腳穿金色溜冰鞋的少年襲擊。在此之後，“球棒少年”的襲擊案件不斷發生，警官豬狩和馬庭介入調查，發現受害者在遇襲前大都承受著巨大的壓力。不久，“球棒少年”落網，看似一切終於要告一段落，然而整個事態卻朝著更加糟糕的方向發展………,片　　長：02時30分,,"[{'url': 'https://movies.yahoo.com.tw/i/o/production/movies/December2020/W8HsBW51BbYVvKpu5m4w-756x1080.jpg', 'path': 'D:\\Users\\Administrator\\django-react-app\\backend\\server\\django_media\\妄想代理人：後篇.jpg', 'checksum': '2b427dcff1227534bbfafa1f1c1579e7', 'status': 'uptodate'}]",0.0,上映日期：2021-01-08,劇情,妄想代理人：後篇
93,★ 《變形金剛系列》億萬導演麥可貝監製 ★ 《噤界》《隱形人》製片團隊最新力作 ★ 肺炎疫情封城期間拍攝，好萊塢首部疫情題材驚悚電影 ★ 病毒致命突變，疫情全面失控！  西元2024年，一種名為 COVID-23 的病毒肆虐全球，突變後的病毒致死率超過50％，全球邁入大封鎖第四年。美國政府為了控制疫情，強制將所有染疫的美國人送往名叫「Q區」的隔離營，以非人道的手段進行管理。在這絕望的世界，對病毒免疫的快遞員尼可（KJ阿帕 飾）與女孩莎拉（索菲婭卡森 飾）墜入了愛河，兩人卻因為居家隔離的緣故無法相見。但當莎拉意外接觸確診者即將被強制送往隔離營，尼可決定不惜一切代價，穿梭在杳無人煙的洛杉磯街頭只為了找出任何可以拯救莎拉的方法…… ,片　　長：01時25分,,"[{'url': 'https://movies.yahoo.com.tw/i/o/production/movies/December2020/rmPctptxvWjbjCl0N9Yz-756x1080.JPG', 'path': 'D:\\Users\\Administrator\\django-react-app\\backend\\server\\django_media\\末世戰疫：鳴鳥檔案.jpg', 'checksum': 'a473d489aa304d6d8631d0b1e76c381f', 'status': 'uptodate'}]",3.7,上映日期：2021-01-08,懸疑/驚悚,末世戰疫：鳴鳥檔案
70,《迷失安狄Miss Andy》故事敘述跨性別者Andy、外籍移工蘇荷以及聽障少年阿德，在一次因緣際會下相遇，並在同一個屋簷下生活。活著比死亡更需要勇氣，他們在這座困頓且冷漠的城市中，為自己點起一盞叫做希望的燈。  【關於電影】  林心如首度擔任電影監製，對《迷失安狄》寄予厚望，期許能透過這部電影展現社會百態，並深刻揭露跨性別者、外籍移工以及聽障者的困境，更請來林心如合作多次的編劇搭檔杜政哲，在銳利的社會犀利描繪之下，依舊帶著柔軟的感性。,片　　長：01時49分,,"[{'url': 'https://movies.yahoo.com.tw/i/o/production/movies/November2020/qxyur6p2k9iHxdCOxmRM-756x1080.jpg', 'path': 'D:\\Users\\Administrator\\django-react-app\\backend\\server\\django_media\\迷失安狄.jpg', 'checksum': '340e1935b1d65f7c044f29d4da5b70d9', 'status': 'uptodate'}]",3.7,上映日期：2021-01-08,,迷失安狄
81,★《型男特警》系列導演波多野貴文聯手《永遠的0》監製、《亞人》編劇、《正宗哥吉拉》攝影打造恐攻懸疑類型新作，絕無冷場的炸彈引爆攻防戰，浩大場面耗資3億日元打造、史無前例動員萬名演員同時參與 ★《HERO》、《非關正義》推理作家秦建日子原著小說改編，故事靈感來源為「披頭四」約翰藍儂的知名聖誕歌曲《Happy Xmas (War Is Over)》 ★接續日本12月震撼上映，2021新年娛樂首選！ ★超強卡司陣容包含佐藤浩市、西島秀俊、石田百合子、中村倫也、廣瀨愛麗絲、勝地涼共同鬥智揭密  今年無法再說聖誕快樂？除了疫情肆虐，東京還有一份特別的”聖誕禮物”！ 家家戶戶正慶祝平安夜的東京，發生連環爆炸事件，但這還只是開始而已…  平安夜裡，電視台接到一通匿名電話，聲稱在東京市區的惠比壽安置即將引爆的炸彈，一名前往現場報導的記者和一名正在購物的家庭主婦被當成了頭號嫌疑犯。接著又一則犯罪宣言在網路曝光，發布者表示下一個目標是東京澀谷的八公廣場—平安夜最熱鬧的中心。他要求透過電視直播與首相見面，否則將引爆炸彈。首相任命警察世田及新人警察泉調查犯人行蹤。逐漸逼近犯案預告的時間點，慶祝聖誕的群眾開始聚集廣場，東京1400萬人命懸一線。究竟是誰在幕後主使這場恐怖行動？他的目的又是什麼？這個聖誕節，將沒有人逃得過命運的安排…。  《聖誕殺戮日》改編自《HERO》、《非關正義》推理作家秦建日子的原著小說，故事靈感來源為「披頭四」約翰藍儂的應景聖誕歌曲《Happy Xmas (War Is Over)》。本片由《型男特警》導演波多野貴文，聯手《永遠的0》監製、《亞人》編劇、《正宗哥吉拉》攝影共同打造恐攻懸疑類型新作。更找來超強卡司群加盟演出，佐藤浩市、西島秀俊、石田百合子、中村倫也、廣瀨愛麗絲、勝地涼，一起在平安夜鬥智鬥法，揭露引爆炸彈的幕後真兇！覺得每年跨完年就感到空虛乏味嗎？快來大銀幕體驗《聖誕殺戮日》，刺激迎接嶄新的2021年吧！,片　　長：01時39分,,"[{'url': 'https://movies.yahoo.com.tw/i/o/production/movies/December2020/IBdFjJmDG4ouRDqyQXsi-509x726.jpg', 'path': 'D:\\Users\\Administrator\\django-react-app\\backend\\server\\django_media\\聖誕殺戮日.jpg', 'checksum': '42b5f6261f7c9b6f79645f592a183332', 'status': 'uptodate'}]",3.2,上映日期：2021-01-08,懸疑/驚悚,聖誕殺戮日
93,★《霧中的女孩》導演多納托卡瑞西自編自導懸疑大作躍上大銀幕 ★ 奧斯卡影帝 達斯汀霍夫曼 X 義大利金像獎影帝 托尼瑟維洛 同場互飆演技 ★ 義大利國家電影新聞記者協會獎最佳原創劇本銀絲帶獎入圍 ★ 2020義大利電影金像獎 ★ 答案，就在記憶中  一位名叫莎曼珊的年輕女孩在醫院裡醒過來，她不僅腳受了傷，也沒有任何記憶。莎曼珊在13歲的時候被綁架，並且被囚禁了十五年。而在她身旁的是專精於犯罪心理的專家葛林博士，他相信莎曼珊被綁架的答案就藏在她的記憶中。但是在找尋答案的過程中，莎曼珊一直提起一座迷宮，正在焦頭爛額之時，不只有葛林博士試圖找出兇手，多年前曾接觸過莎曼珊一案的偵探布魯諾也持續調查中… ,片　　長：02時11分,,"[{'url': 'https://movies.yahoo.com.tw/i/o/production/movies/November2020/5WsqTeAZBG9WNtDkfT3U-756x1080.jpg', 'path': 'D:\\Users\\Administrator\\django-react-app\\backend\\server\\django_media\\謎宮.jpg', 'checksum': 'a071937665bc1dd799f17e893f432333', 'status': 'uptodate'}]",4.0,上映日期：2021-01-08,,謎宮
91,★改編自亞馬遜暢銷傳記 評分高達4.7顆星 ★媲美《無聊的人生我死也不要》 ★好評刷爆德國各大網站，提爾史威格榮獲年度最具影響力獎  正值二八年華的史黛菲正在畢業舞會上狂歡，她早已立定好完美的人生志向：成為警察；也滿心期待著巴黎畢業旅行，不僅如此這次她還計畫了這次要在浪漫之都與男友法比一起完成那件神聖的事-「破處」，她的人生正蓄勢待發，準備迎向下一個美好的里程碑。沒想到就在畢旅前的一次健康檢查，史黛菲被檢測出患有小細胞支氣管癌末期，醫師評估她最多只能撐到年底，一家人面臨這令人震驚的診斷都感到無比悲傷，她的人生也即將畫下句點…  史黛菲並沒有悲傷太久，為了不讓人生留下一絲缺憾，她決定把握還活著的時間屢行與法比的巴黎之約。但史黛菲的父母出於保護企圖阻止她遠行，無計可施之下的她只好和魅力十足的馬戲團演員史帝夫，開著爸爸買給她的二手車偷偷前往巴黎。面對不可預知的生命歷程，這一場或許要以生命為代價換取的旅程，終將為她帶來什麼樣的改變呢？ ,片　　長：01時37分,,"[{'url': 'https://movies.yahoo.com.tw/i/o/production/movies/November2020/WIzqfieQ880NWIh8dOlz-1403x2000.jpg', 'path': 'D:\\Users\\Administrator\\django-react-app\\backend\\server\\django_media\\破處那件小事.jpg', 'checksum': 'f777b731f170131dd50238ab848e8162', 'status': 'uptodate'}]",3.9,上映日期：2021-01-08,溫馨/家庭,破處那件小事
95,★榮獲本屆金馬獎最佳女主角、男配角、原著劇本、造型設計四項大獎提名！ ★本屆金馬影展開幕電影！ ★金馬影后桂綸鎂、陽光型男楊祐寧破天荒首度攜手大銀幕CP！ ★金獎導演鍾孟宏攜金獎幕後團隊又一監製力作！ ★《陽光普照》編劇張耀升首執導演筒自編自導作品！ ★金馬攝影中島長雄掌鏡、金馬最佳電影歌曲盧律銘配樂！ ★今年故事最峰迴路轉、讓人又哭又笑的愛情荒謬喜劇！ ★本屆夏威夷國際影展、香港亞洲電影節與東京影展入選片！  一條腿的旅程 讓你明白愛情沒有什麼道理… 錢鈺盈(桂綸鎂飾)的丈夫鄭子漢(楊祐寧飾)在腿部截肢手術後不幸離世，錢鈺盈想拿回丈夫被截肢的腿，卻被醫院百般刁難、互踢皮球，於是一場異想天開的「奪腿計畫」就此展開！她纏著外科醫生(李李仁飾)要求幫忙，跑到一般人從未見過的醫院地下室，在一包包檢體中尋找丈夫的腿，甚至找上內勤人員監控醫院合作車輛的GPS，鬧到醫院院長(金士傑飾)都來關切…  而這段充滿黑色幽默的尋腿旅程中，也勾起錢鈺盈與鄭子漢從相識、相愛到相互虧欠的過往回憶。鄭子漢對美麗的國標舞者錢鈺盈一見鍾情，在照相館朋友約翰(張少懷飾)的牽線之下成為她的舞伴，兩人墜入愛河、步入婚姻，是人人稱羨的神仙眷侶。但鄭子漢一心想要賺大錢讓妻子過好日子，卻將兩人的感情逼入絕境，最終形同陌路，沒想到兩顆心再次靠近時卻是在醫院裡面臨生離死別的時候…  【關於電影】  《陽光普照》編劇張耀升首執導演筒　拍出桂綸鎂、楊祐寧最深情的告別 繼去年勇奪金馬獎最佳影片的《陽光普照》感動無數影迷，今年由鏡文學、華文創、甜蜜生活製作有限公司聯合出品，甜蜜生活製作有限公司製作、《陽光普照》導演鍾孟宏擔任監製及攝影、編劇張耀升首執劇情長片導演筒、讓金馬影后桂綸鎂與陽光型男楊祐寧首度化身大銀幕情侶檔的愛情荒謬喜劇《腿》，用一段充滿黑色幽默的尋腿之旅描繪愛情的模樣。導演張耀升表示：「這隻《腿》是愛情旋風腿，黑色不少，幽默常有，愛情很多，儘管桂綸鎂在一路的找腿過程非得潑辣凶悍難纏不可，但這卻是她最深情的告別。」每個人在人生旅程中會慢慢學會妥協，也會慢慢變得不純粹，最後常常都成了自己不喜歡的樣子，張耀升說：「只有某個人願意為你找回原來的樣子，而那個人一定不只很愛你，是非常非常非常愛你。」《腿》除了榮膺本屆金馬影展開幕影片，更榮獲本屆金馬獎最佳女主角、男配角、原著劇本、造型設計四項大獎提名，讓粉絲期待度爆表！ ,片　　長：01時55分,,"[{'url': 'https://movies.yahoo.com.tw/i/o/production/movies/December2020/DShB1EyOJX72SgUv2vH7-756x1080.jpg', 'path': 'D:\\Users\\Administrator\\django-react-app\\backend\\server\\django_media\\腿.jpg', 'checksum': '2258cf9263446afddebeb9424ff3496c', 'status': 'uptodate'}]",4.2,上映日期：2020-12-24,劇情,腿
91,本片由金獎導演同時也是現今皮克斯的創意長彼特達克特執導，他可以說是皮克斯的創意指標，從玩具總動員系列到怪獸電力公司、天外奇蹟與腦筋急轉彎這些作品就可知道他說故事的功力，這次原創故事的《靈魂急轉彎》 更是會顛覆觀眾的想像。  《靈魂急轉彎》 故事想探討一個非常抽像的話題- 人的靈魂! 因為在我們來到這個世界前，都會在一個「關於你研討會」參加培訓，在這裡，靈魂會被賦予特徵、興趣和能力、以及基本的性格屬性，正是這一切，造就了你的樣子。  一但準備就緒，你的靈魂就畢業，隨後降臨到這個世界，開啟有意義的一生。但在故事主角喬賈德納的身上，卻出了差錯，他是天生的爵士鋼琴好手，卻一直不得志，只能在中學擔任樂團老師的工作，有一天，他獲得了千載難逢的演奏機會，還沒享受到成功的果實，就失足受傷陷入昏迷，一系列的陰錯陽差，喬來到了投胎先修班，被誤認為是啟發新靈魂的導師，並碰到了始終無法在投胎先修班畢業的靈魂22號，師徒二人想盡辦法要讓喬回到真實世界，這場特別的旅程，更讓喬重新審視人生的意義… ,片　　長：01時47分,,"[{'url': 'https://movies.yahoo.com.tw/i/o/production/movies/November2020/A5ZIkW83jM0jK9rAZDTr-757x1080.jpg', 'path': 'D:\\Users\\Administrator\\django-react-app\\backend\\server\\django_media\\靈魂急轉彎.jpg', 'checksum': 'b87a220f3e37f51c096f6bd12f144c45', 'status': 'uptodate'}]",4.3,上映日期：2020-12-25,劇情,靈魂急轉彎
83,★《科洛弗10號地窖》《絕鯊島》製作團隊全新打造 ★腎上腺素狂飆 挑戰極限生存 大銀幕震撼恐怖片 ★《最後的王國》亞歷山大德雷蒙Ｘ《逃出絕命鎮》愛莉森威廉絲 聯手活下去 ★史上最大危「機」！ 一搭飛機就出事 恐懼衝破地平線  莎拉（愛莉森威廉絲 飾）和傑克森（亞歷山大德雷蒙 飾）準備搭飛機到熱帶島嶼參加朋友的婚禮，沒想到原訂一個多小時的航程，在飛機起飛沒多久後，機師便心臟病發身亡。他們不知道自己在哪裡，更不知道該如何駕駛飛機。更慘的是，暴風雨即將迎面來襲，這次他們決心放手一搏，靠自己把握最後活下去的機會⋯⋯。 ,片　　長：01時32分,,"[{'url': 'https://movies.yahoo.com.tw/i/o/production/movies/December2020/UTtnYLjaOSNUYeDnfIod-759x1080.jpg', 'path': 'D:\\Users\\Administrator\\django-react-app\\backend\\server\\django_media\\空中謎航.jpg', 'checksum': 'ab2a7a3934bc0d3dcac1ba639274196d', 'status': 'uptodate'}]",3.5,上映日期：2020-12-31,,空中謎航
93,★ 《死侍2》《玩命關頭：特別行動》製片打造超狂高空體驗 ★ 《艾莉塔：戰鬥天使》《復仇者聯盟：終局之戰》特效團隊最新力作 ★ 「超殺女」克蘿伊摩蕾茲再現銀幕女硬漢形象 ★ 2020 多倫多國際影展「午夜瘋狂」單元觀眾票選獎  二戰期間，一名帶著機密貨物的女飛行員慕德（克蘿伊摩蕾茲 飾）登上一台B-17轟炸機，面對不請自來的慕德，男性機組人員對她的不滿與鄙視逐漸高漲，眼看雙方衝突越演越烈之際，他們目擊雲層中出現了神祕暗影，究竟這個暗影本體是來襲的日本空軍，還是潛藏在雲端的未知恐怖？ ,片　　長：01時23分,,"[{'url': 'https://movies.yahoo.com.tw/i/o/production/movies/December2020/hyhRDTzu6KnxM9psdwOd-756x1080.jpg', 'path': 'D:\\Users\\Administrator\\django-react-app\\backend\\server\\django_media\\致命天際線.jpg', 'checksum': '6ead597cec65470aeef53474c4511f89', 'status': 'uptodate'}]",3.3,上映日期：2020-12-31,動作,致命天際線
95,★ 活躍於名古屋的男團「BOYS AND MEN」4名成員所主演的青春劇！ ★ 4個29歲男子面對的殘酷現實，交織而成4段迥異的人生故事  本作由四段故事組成，田中俊介飾演一名製作獨立電影的男子；水野勝飾演婚姻介紹所社長，被稱為「超級介紹人」；本田剛文詮釋每天都在苦惱影片觀看次數的網紅；小林豐飾演一名剛從比賽中落選，以人氣漫畫家為目標的男子。 ,片　　長：01時43分,,"[{'url': 'https://movies.yahoo.com.tw/i/o/production/movies/December2020/JeCcm3cnhNPQSPkNKrQ3-757x1080.JPG', 'path': 'D:\\Users\\Administrator\\django-react-app\\backend\\server\\django_media\\廢青四重奏.jpg', 'checksum': '80981c48acb165414a9d24f7dc46b64a', 'status': 'uptodate'}]",4.3,上映日期：2020-12-31,,廢青四重奏
80,★《#藍色恐懼》、《#千年女優》、《#東京教父》、《#盜夢偵探》日本動畫大師今敏經典再現第三彈，唯一電視動畫十三集一刀未剪攻進大銀幕。 ★日本最膾炙人口的深夜成人動畫，今敏最具野心代表作。 ★音樂鬼才大師平澤進傾力操刀全劇配樂，洗腦神曲〈夢の島思念公園〉大銀幕首度再現。 ★當恐懼蔓延城市，球棒少年神秘現身，一生必看燒腦神作，精彩結局絕對讓你呆坐在座位上。 ★2004年日本文部省文化廳媒體藝術祭動畫部門推薦作品。  個性內向的鷺月子憑藉人氣玩偶瑪洛米成為炙手可熱的設計師，與此同時她也遭遇來自同行的妒嫉以及下一次創作的瓶頸。在一次夜歸途中，月子受傷住院，她聲稱遭到一名手持彎曲金屬球棍、腳穿金色溜冰鞋的少年襲擊。在此之後，“球棒少年”的襲擊案件不斷發生，警官豬狩和馬庭介入調查，發現受害者在遇襲前大都承受著巨大的壓力。不久，“球棒少年”落網，看似一切終於要告一段落，然而整個事態卻朝著更加糟糕的方向發展………,片　　長：02時55分,,"[{'url': 'https://movies.yahoo.com.tw/i/o/production/movies/December2020/lMwaceHgceKcVHJ5GJLM-756x1080.jpg', 'path': 'D:\\Users\\Administrator\\django-react-app\\backend\\server\\django_media\\妄想代理人：前篇.jpg', 'checksum': '2b427dcff1227534bbfafa1f1c1579e7', 'status': 'uptodate'}]",4.4,上映日期：2020-12-31,劇情,妄想代理人：前篇
70,命運在她心跳漏了一拍的瞬間，悄悄來襲… 她是城市發展局的導覽員。她的男友為了另一個女人，跟她提出分手，令她難以接受。「如果你離開我，我就必須殺了你。」女人如是說，但出軌的男友卻無視警告執意離去，獨留她佇足咖啡館傷心。 此時店內水族箱傳來神祕呼喚，猝不及防的意外，就像突如其來的愛情，她與純情潛水員魔幻邂逅，自此共墜愛河、形影不離。這是一次充滿新奇、信任、嶄新、愉快，並且純真的愛，讓女人感覺重新活了過來。 然而，與前男友尚未了結的舊愛餘波，伴隨女人謎樣身份的詛咒陰影，種種令人不安的預感彷彿命定，並在她心跳漏了一拍的瞬間，悄悄來襲…。  【關於電影】  寶拉貝爾為愛而活《水漾的女人》勇奪柏林影后銀熊獎 電影《水漾的女人》是德國名導克里斯汀佩佐(Christian Petzold)的「元素精靈三部曲」首作，將水精靈傳說的愛、背叛與失去，疊印當下柏林時空，以現代日常詮釋古老神話，潛探這片昔日為沼澤之地的過往與新生。以本片在柏林影展封后的寶拉貝爾(Paula Beer)，與《賣場華爾滋》演技派男星法蘭茲羅戈斯基(Franz Rogowski)，在回眸擁抱、耳鬢廝磨間，從城市風景到幽深水底，展開一段令人怦然心動的淒美奇情。電影一舉勇奪柏林影展國際影評人費比西獎，並獲國際媒體【衛報】盛讚是「引人入勝的魔幻愛情」。  電影《水漾的女人》靈感來自奧地利作家英格博格巴赫曼(Ingeborg Bachmann)的小說【溫蒂妮】(Undine)。小說中「溫蒂妮」是水精靈，她遭到男人的背叛，決定在婚禮之夜殺死男人，「我用悲傷的淚水結束了他的生命」，然後傷心潛入水底、從此不再登岸…。但在電影中「溫蒂妮」(寶拉貝爾 飾)是個柏林歷史學家，並在城市發展會提供導覽服務。她才剛歷經一場背叛與分手，根據神話的詛咒，她必須復仇並且殺死男人。但溫蒂妮卻拒絕該詛咒，她不想歷史重演，也不想再潛回水中。她不想離開柏林，她仍然想要愛，於是她遇見了另外一個男人…。寶拉貝爾演活了這個為情所傷、為愛而活的女人，除獲得國際媒體「光芒四射、力道驚人」的讚譽，更勇奪柏林影展最佳女主角銀熊獎。  《水漾的女人》劇情從男人的出軌展開，再以歐洲神話、柏林歷史作為推展，讓神話裡的愛與背叛，在現實中重現及幻變。導演克里斯汀佩佐將這個愛情傳說，結合了柏林城市的滄海桑田，形塑出這部神秘與浪漫兼具的電影，除動人的愛情讓人心碎心醉，感動及節奏的掌控力亦更上層樓，連國際媒體都讚嘆「只有佩佐最懂女人心」。片中魔幻與現實交纏的情感戲，甚至被譽為超越奧斯卡電影《水底情深》。 ,片　　長：01時30分,,"[{'url': 'https://movies.yahoo.com.tw/i/o/production/movies/November2020/WAHXB3XRMzP982kYm37z-756x1080.jpg', 'path': 'D:\\Users\\Administrator\\django-react-app\\backend\\server\\django_media\\水漾的女人.jpg', 'checksum': 'b161f0c4cd7fb379fb57bfa6ad12dcfd', 'status': 'uptodate'}]",3.7,上映日期：2020-12-31,奇幻,水漾的女人
89,「像我們這種人，只能獨自活下去，所以一定要更勇敢才行。」  午夜時分，在新宿的人妖秀舞廳，濃妝豔抹的跨性別者凪沙（草彅剛 飾）在舞台上一邊賣笑、一邊跳著蹩腳的天鵝湖。為了錢，凪沙同意暫時收留親戚的女兒一果（服部樹咲 飾）。時值青春期的一果長期受到酗酒母親（水川麻美 飾）暴力對待，不僅沉默寡言，甚至有自殘傾向。當她出了車站，看著眼前親戚口中的「叔叔」，儘管困惑，卻也沒多說什麼。就這樣，總是苟活在社會角落的凪沙，遇上無依無靠的一果。某天，一果經過芭蕾舞教室深受吸引，並在舞蹈老師的積極邀請下加入學習。然而，為了支付學費，一果開始瞞著凪沙從事非法打工，卻讓自己身陷險境，讓凪沙不得不出面善後。也因此，凪沙得知了一果驚人的舞蹈天分，看著一果翩翩起舞的身影，他在一果的身上找到自己嚮往多年的少女夢，以及成為母親的渴望，他決定不計代價也要幫助一果完成躍上舞台的夢想！  【關於電影】  最懂魯蛇的導演內田英治最新原創劇本 獲日本影壇一致好評 草彅剛首次挑戰跨性別角色 攜手芭蕾新人少女虐心演出 在日本影壇以《廢柴電影夢》備受矚目，並於去年攜手武正晴、河合勇人聯手執導Netflix熱播劇集《全裸監督》的中生代導演內田英治，此次推出全新原創劇本，講述跨性別者與受暴少女之間相互扶持的情感，並將她們生活中所遭受到的非議、嘲諷、困境娓娓道出。而電影片名的意象則與「天鵝湖」的故事相對照，生活在城市邊緣的凪沙與少女一果，白天必須在城市中夾縫求生，到了夜晚才得以敞開心胸自由跳舞，像美麗的天鵝一樣。本片為前SMAP成員草彅剛首度挑戰跨性別角色，戴上假髮、畫上濃妝、穿起短裙風衣，草彅剛的一顰一笑都成功演活了這個美艷卻哀愁的跨性別舞者，如實呈現出宛如孤傲天鵝的凪沙，儘管面對家人的不解、路人的異樣眼光、各種突如其來的攻擊，也依然昂首挺立選擇做自己的勇敢姿態。本片也在內田英治與草彅剛的完美合作下，於日本上映便獲得一致好評，包含日本金獎導演白石和彌、藤井道人、園子溫，以及鬼才編劇宮藤官九郎，也都紛紛發文推薦，成為今年日本少數在疫情期間上映，票房依舊表現亮眼的作品之一。  內田英治此次不僅以卓越的導演技巧將草彅剛的演員生涯帶到全新的境界，更挖掘出一位可塑性極高的新面孔。為了選出在片中與草彅剛有多場精采對手戲的少女一果一角，劇組舉辦了一場大型試鏡會，參加的首要條件即是必須有芭蕾舞底子。經過重重關卡，最終由完全沒有任何戲劇演出經驗的服部樹咲脫穎而出，而她也不負重望，展現初生之犢不畏虎的驚人表現。服部樹咲在片中一連跳了「天鵝湖」、「百萬小丑」等經典芭蕾舞曲目，結合草彅剛萌芽的母性，共同刻劃出超越血緣與性別之愛的形式。其他卡司還包括：水川麻美、田口智朗、真飛聖等個性突出的實力派演員集聚一堂，為整部電影增添更多深度與廣度。電影音樂請來知名前衛作曲家涉谷慶一郎操刀，他創作出一首首清澈深邃又貼近內田導演風格的音樂，為這個充滿愛與苦澀的故事，成功注入更多充滿張力的動人元素。 ,片　　長：02時05分,,"[{'url': 'https://movies.yahoo.com.tw/i/o/production/movies/November2020/Pu2HeUyh6WBzYeyzBQGz-764x1080.jpg', 'path': 'D:\\Users\\Administrator\\django-react-app\\backend\\server\\django_media\\午夜天鵝.jpg', 'checksum': '9c7a449014fc20cfc5c7edab010c630a', 'status': 'uptodate'}]",4.5,上映日期：2020-12-31,,午夜天鵝
98,★2020年度壓軸最強華語電影，天王男神劉德華最新力作，強勢來襲，引爆話題 ★《拆彈專家》原班人馬再度合作，挑戰核彈危機，場面震撼程度再升級 ★兩大影帝劉德華、劉青雲再次合作，敵友難辨，謎團重重，劇情反轉，兩人演技狂飆  香港發生連環爆炸案，全港人心惶惶.... 前拆彈專家潘乘風（劉德華 飾）被發現昏迷在爆炸案的案發現場，被香港警方列為頭號嫌疑犯，甦醒後的潘乘風記憶缺損，只能一邊逃亡，一邊告殘存記憶的蛛絲馬跡來查明真相。  他的好友董卓文（劉青雲 飾）和他的前女友龐玲（倪妮 飾）對他講述了一段和他記憶截然不同的狀況，讓案情更加難解。而有計劃的爆炸案仍然接二連三發生，真相卻越來越撲朔迷離。 ,片　　長：02時01分,,"[{'url': 'https://movies.yahoo.com.tw/i/o/production/movies/December2020/sdUhpDhm6nJq7DefhhCo-800x1143.jpg', 'path': 'D:\\Users\\Administrator\\django-react-app\\backend\\server\\django_media\\拆彈專家2.jpg', 'checksum': '72658b52b97d7e8deb59413437de899c', 'status': 'uptodate'}]",4.4,上映日期：2020-12-31,,拆彈
95,★ 《紅衣小女孩》《女鬼橋》後，實地取材 全台網友票選鬼屋第一名 ★ 陰陽交界生死難料 鬼門已開神佛盡散 ★ 挑戰你的密室恐懼指數! 每張病床離地獄只有半步之遙!  鬼門已開，凌晨零點零分時，台灣最大鬧鬼醫院-杏林醫院裡，出現多位準備尋親之人。  由台南最負盛名的法師帶隊，曉玲與妙如，她們各懷目的，義無反顧踏入醫院，曾經在這發生的過往，逐漸湧上眼前。不料，醫院陰氣太重，壓的眾人喘不過氣；無法投胎的怨魂糾纏，生死危在旦夕… ,片　　長：01時30分,,"[{'url': 'https://movies.yahoo.com.tw/i/o/production/movies/November2020/Q5rFVsFS6UndE3TOJZnv-1024x1464.jpg', 'path': 'D:\\Users\\Administrator\\django-react-app\\backend\\server\\django_media\\杏林醫院.jpg', 'checksum': 'c780dc71674c2d444e7460ebe3b0a307', 'status': 'uptodate'}]",3.3,上映日期：2020-12-31,懸疑/驚悚,杏林
92,"★多倫多影展特別放映 開幕片 ★釜山影展 ★國際女性主義偶像 海倫瑞蒂 ★擁有3首百萬美國冠軍曲✕ 40首經典暢銷經典名曲 ★擁有8張白金以及黃金專輯 ✕ 全球銷售1500萬張專輯與1千萬單曲 ★《新娘不是我》《慾望城市2》，I am woman經典女權神曲 ★《I am woman》啟發美國流行天后　凱蒂佩芮《聽我吼Roar》神曲 ★《我是女人》《我不知道如何愛他》創作音樂 原主唱人 海倫瑞蒂 ★一個手提箱和230美元來到紐約，她如何攀登世界排行名歌頂峰？ ★擁有3首進入美國〈告示牌百大單曲榜〉冠軍，及8張白金唱片專輯 ★擁有全球銷量超過1000萬張單曲 與 1500萬張專輯紀錄  電影講述一代天后海倫瑞蒂波瀾壯闊的人生！女權運動史上最偉大女演員海倫瑞蒂的傳記電影，由女星蒂達柯漢哈維詮釋，慕雲珠執導。  故事將描述1970年海倫瑞蒂籌備演唱會，她與經紀人老公、唱片公司的千絲萬縷，以及她過往演藝生涯的成功與痛苦。  1966年，海倫瑞蒂帶著她三歲的女兒，一個手提箱和口袋裡的230美元來到紐約。海倫被告知她已經贏得了一份唱片合約，但是唱片公司卻告訴她自己旗下已經有足夠的女藝人，她的希望破滅了，唱片公司建議她在紐約順勢旅遊，然後再回澳洲。  然而，海倫決定無論如何都要繼續留在紐約從事歌唱事業，由於沒有工作許可，她努力維持生計，並養活自己的女兒。她在紐約認識了傳奇的搖滾記者莉蓮，兩人很投緣立刻成為好友，成了最親的閨蜜，並激勵她創作和演唱具備代表性的歌曲「我是女人 I Am Woman」這首歌暴紅，成為第二波女權運動的主題歌，激發新一代女性為爭取變革而奮鬥。  她還遇到了年輕有抱負的專業經紀人傑夫沃爾德，他後來成為她的經紀人和丈夫。傑夫幫助她到達歌唱事業的顛峰，但他後來染上吸毒成癮的惡習，兩人關係逐漸惡化，海倫因此陷入聲譽受損的危機，由於她之前都依靠傑夫來管理自己的職業生涯，她後來被迫轉變，必須找到擁有自己事業和繼續追求夢想的力量。  海倫瑞蒂憑藉《I AM WOMAN》成為炙手可熱的巨星，她所演唱的名曲《I AM WOMAN》更被認為是影史上最經典的女權運動歌曲。電影呈現她是如何從澳洲到美國發展，並且替自己歌唱之路奮鬥的心路歷程，以及如何養大孩子，承擔家裡經濟，在歌唱生涯與經紀人丈夫所發生的糾葛故事。  可以從電影中了解她與丈夫的關係，以及跟唱片公司之間的角力，還有她跟「搖滾教母」莉蓮蘿森（Lillian Roxon）之間的相處也逐步揭露。究竟這位為了養活孩子而全力奮鬥的母親，甚至是受過傷卻仍然勇敢追愛的女性，該如何在親情、愛情與事業當中取得平衡？而她又將如何唱出膾炙人口的歌曲《I AM WOMAN》，感動千萬聽眾，甚至是影響後來的美國流行天后凱蒂佩芮呢？  本片透過重新詮釋海倫瑞蒂無數經典名曲，將一代巨星海倫瑞蒂美麗與哀愁，毫無保留的呈現在銀幕上，讓觀眾得以走進這位一代巨星波瀾壯闊的人生。  【關於電影】  國際女性主義偶像澳洲女星 海倫瑞蒂 的精采傳記片 影片聚焦上世紀七十年代澳洲知名女歌手海倫瑞蒂，片名出自瑞蒂演唱的同名歌曲，該歌曲曾被選為當時女權運動的主題曲。蒂達柯漢哈維飾演海倫瑞蒂，伊凡彼得斯飾瑞蒂的丈夫傑夫沃爾德，也是她的經紀人。  海倫瑞蒂（Helen Reddy）來自澳洲，她在70年代時可是名氣響叮噹的西洋歌手／演員／詞曲家，瑞蒂走的是Pop/Rock , Soft Rock , AC路線，清新恬靜是她的註冊商標擁有3首百萬美國冠軍曲，一連串Top 40 hits 以及8張白金／金專輯全球銷售1500萬張專輯與1千萬單曲在澳洲進軍美國的女歌手中，她的商業成績僅次於超級天后奧莉維亞紐頓強（Olivia Newton-John）兩人也是好友  其他陣容為《壁花女孩夢遊中》蒂達卡本哈維（Tilda Cobham-Hervey飾演海倫瑞蒂，《淑女鳥》丹妮爾麥唐諾（Danielle Macdonald）飾演被譽為搖滾之母的記者莉蓮蘿森（Lillian Roxon），為將海倫瑞蒂引介到美國市場的推手。  片名出自海倫瑞蒂當年所唱的女權運動代表歌曲《I Am Woman》。此曲影響了美國流行天后凱蒂佩芮（Katy Perry）神曲《Roar》，成為全新膾炙人口的女權運動流行音樂！歌詞「I am woman, hear me roar」（我是女人，聽到我的怒吼）是海倫瑞蒂（Helen Reddy）於1971年演唱的勵志口號，它鼓勵全美女性在解放運動中燒掉胸罩。  42年後，同樣的話鼓舞了凱蒂佩芮（Katy Perry）寫下了自己的主題神曲《Roar》，《Roar》的威力讓凱蒂佩芮獲得全美最受歡迎錄影帶，23.3億超狂點閱記錄，也傲視全球成為最多收看人次第11名的歌曲，《Roar》更因此成為風靡全世界的暢銷歌曲，甚至是2015年超級盃中場秀的表演曲，可見海倫瑞蒂影響凱蒂佩芮之深。  伊凡彼得斯 飾演的 傑夫沃德 是 海倫瑞蒂 的丈夫與經紀人，旗下帶領的藝人還有席維斯史特龍（Sylvester Stallone）、唐娜桑默（Donna Summer）與喬治卡林（George Carlin）等名星。據悉他有用藥問題，被視為是導致後來與海倫瑞蒂離婚、爭奪孩子監護權的主因。 ",片　　長：01時56分,,"[{'url': 'https://movies.yahoo.com.tw/i/o/production/movies/October2020/O2BlASiWg4Bg1a7sp986-756x1080.jpg', 'path': 'D:\\Users\\Administrator\\django-react-app\\backend\\server\\django_media\\生為女人.jpg', 'checksum': 'd1555b463dbe2331cefdf76ce1dc6d9e', 'status': 'uptodate'}]",3.8,上映日期：2020-12-24,,生為女人
89,★ 改編自邁阿密傑克遜高中西洋棋隊真實故事 ★ 高校版《后翼棄兵》見證小棋士的封王之路 ★ 爛番茄 93%好評，紐約時報評：「令人熱血沸騰的西洋棋電影」 ★ 第 33 屆 SXSW 西南偏南電影節、法國多維爾美國電影節、陶爾米納國際電影節正式競賽片  改編自 1998 年邁阿密傑克遜高中西洋棋隊的真實故事，老師馬利歐帶領一群來自貧民區的少年，教導棋盤上的知識也挖掘孩子的潛能，在暴力猖獗的城市街頭，克服種種難題，一路過關斬將，闖入美國西洋棋錦標賽爭奪全國冠軍。,片　　長：01時51分,,"[{'url': 'https://movies.yahoo.com.tw/i/o/production/movies/November2020/3CrLgvIXK5UT94e4zouB-759x1080.jpg', 'path': 'D:\\Users\\Administrator\\django-react-app\\backend\\server\\django_media\\高校棋蹟.jpg', 'checksum': '0de76684c2207cf0069a18e640a33246', 'status': 'uptodate'}]",3.7,上映日期：2020-12-18,,高校棋蹟
64,★ 聯合國教科文組織指定為人類非物質文化遺產，朝鮮傳統曲藝「盤索里」大銀幕再現 ★ 韓國首週新片票房冠軍 ★ 創358萬觀影人次紀錄《鬼鄉》導演趙正來最新力作 ★ 韓國知名國樂歌手李逢根、「復仇劇女王」李幼梨、《82年生的金智英》童星金嘏娫、超級綠葉朴哲民、「神話」成員金烔完集結飆戲  以朝鮮時代的傳統曲藝「盤索里」為背景，英祖10年（西元1734年），一個充斥著強盜與人口販賣的可怕時期。才子學圭為了尋找被綁架的妻子，以他為首的說唱歌手們團結在一起，漂泊於朝鮮八道的同時，共同經歷歡笑與悲傷的故事。在最腐敗的年代，來自人民的歌聲將產生共鳴，改變這個世界。 ,片　　長：01時59分,,"[{'url': 'https://movies.yahoo.com.tw/i/o/production/movies/November2020/aD9ZRDjvqHUr03BaC9tk-758x1080.jpg', 'path': 'D:\\Users\\Administrator\\django-react-app\\backend\\server\\django_media\\說唱藝人：希望之聲.jpg', 'checksum': '0787cf651a90734c50b42f341ab8d941', 'status': 'uptodate'}]",3.5,上映日期：2020-12-18,劇情,說唱藝人：希望之聲
72,★ 2020 坎城影展正式入選 ★ 2020 羅馬影展觀眾票選最佳影片 ★ 2020 金馬國際影展轟動秒殺 ★ 2020 歐洲電影獎最佳導演提名 ★ 2020 聖塞巴斯汀影展正式競賽 ★ 2020 多倫多影展、釜山影展觀摩影片  1985年的夏天，法國諾曼第的海濱小鎮，少年艾雷在一次翻船意外中結識了出手相救的大衛。稚嫩的艾雷，文靜羞怯；俊美的大衛，熱情大膽，性格迥異的兩人卻意外擦出愛的火花。愛苗從海上燃起，延燒一整個炙熱盛夏，沿著海岸線、躲進電影院；闖入雜貨店、徜徉夜的舞廳，再乘著波光粼粼的海上小船，彷彿對著無邊的大海吶喊，我們倆就是世界，我們倆就是一切：「我正翱翔、我正翱翔，為靠近你、為了自由。」  就這樣燒出最純粹濃烈的情感，卻也煉出猜忌的心魔。一日，艾雷呆坐海邊思索著他與大衛之間的關係，意外巧遇前來小鎮打工換宿的英倫女孩凱特，兩人相談甚歡，卻沒想到凱特的出現，竟讓這場夏日戀曲逐漸失控而變調。艾雷與大衛曾經對彼此許下的誓言，無論誰先死去，都要在對方的墳上起舞，看似不經意的承諾就要一語成讖⋯⋯。  法國鬼才名導歐容將經典文學小說《在我墳上起舞》搬上大銀幕，不改擅長的情慾基調，摻雜些許驚悚元素，在撲朔迷離之間，濃霧就這樣散去，原來是這般美麗而動人的愛情故事。把少男的同志戀情拍得既浪漫又殘酷，而兩位年輕帥氣的演員從青春迷惘到為愛痴狂的演出，層次鮮明、亮眼吸睛。全片超16毫米膠捲影像的復古質感，細膩呈現八○年代的時尚風潮、懷舊氛圍。法國天團Air成員JB Dunckel的原創電影配樂，英搖樂團The Cure與傳奇歌手洛史都華等流行金曲輪番上陣、扣人心弦，完美勾勒出電影中青春年少的肆無忌憚與孤寂徬徨。,片　　長：01時41分,,"[{'url': 'https://movies.yahoo.com.tw/i/o/production/movies/November2020/Jd7bPJpytg2O9kitdJh2-758x1080.jpg', 'path': 'D:\\Users\\Administrator\\django-react-app\\backend\\server\\django_media\\85年的夏天.jpg', 'checksum': '8eb8c5455879a5363668983eff8a46a3', 'status': 'uptodate'}]",3.9,上映日期：2020-12-18,,85年的夏天
72,★《工作細胞BLACK》「LIDENFILMS」京都工作室，全新戀愛系劇場版動畫新作！內心掛念不已的深刻感動媲美《秒速五公分》 ★改編自畫風細膩的《放浪男孩》、《青之花》知名漫畫家志村貴子同名作品，以輕盈溫柔的方式，講述一段段平凡、曲折卻不分性別與隔閡的戀愛故事 ★令粉絲瘋狂的夢幻聲優卡司集結！《天氣之子》花澤香菜、《鬼滅之刃》櫻井孝宏、《電影版 聲之形》早見沙織等人共同出”聲”助陣 ★電影主題曲由曾為電影《百元之戀》、《帝一之國》譜曲過的日本話題樂團CreepHyp，首度為動畫劇場版量身創作的動人歌曲《モノマネ》  總有一天，戀愛時的苦痛會化為一段美好的回憶。 百合曾經是非常受同性歡迎的女孩，如今嫁給了一位男人。百合的高中女友小悅以及大學女友綾小姐，皆以朋友身分出席了婚禮。兩人因前任戀人的婚禮而傷心欲絕，卻又互相吸引；在畢業典禮上，男校老師澤突然被學生矢崎告白，這讓澤老師的內心動盪不已，但典禮仍舊得如常舉行；小新暫時搬到被父母拋棄的表姊小夜子的家，小新與青梅竹馬美香出於好奇，竟看了小夜子主演的A片；成了中學生的小新與美香，兩人因看了小夜子主演的A片而愧疚不已，一段寫實的成長故事，懷揣著令人費解的情感。  本片根據擅長描寫青少年角色的知名漫畫家志村貴子同名作品改編，是一部看似無關、其實環環相扣的短篇故事集，《順其自然的日子》以輕盈細膩的方式描繪了一段段曲折的愛情故事。深刻溫柔又曖昧心動的風格，召集了夢幻聲優卡司群出”聲”助陣，包含《工作細胞》花澤香菜、《鬼滅之刃》櫻井孝宏、《電影版 聲之形》早見沙織等，前所未見的王牌聲優合作，堪稱一時之選。主題曲更找來曾為電影《百元之戀》、《帝一之國》譜曲過的日本話題樂團CreepHyp，首度為動畫劇場版量身創作的動人歌曲。電影除了談愛情、談日常，更描繪了各種不同的戀愛組合與懷揣情懷，在當今世界各地正爭取LGBT戀愛自由權益的此刻，2002年就開始連載漫畫的《順其自然的日子》，現在看來更顯得頗有其先見之明。 ,片　　長：00時54分,,"[{'url': 'https://movies.yahoo.com.tw/i/o/production/movies/November2020/xwlefz8utev30nExQsUR-1024x1462.jpg', 'path': 'D:\\Users\\Administrator\\django-react-app\\backend\\server\\django_media\\順其自然的日子.jpg', 'checksum': 'f64f1f896dfbb5024e790624cf160d87', 'status': 'uptodate'}]",3.9,上映日期：2020-12-18,,順其自然的日子
55,她決定開始改變，讓原本不可能的好事逐一發生… 希薇亞有三個身分：她是訴訟律師，她是單親媽媽，也是為人女兒。  專注於工作的她，在法庭雖銳不可擋，但在年邁母親與年幼兒子面前，她的堅毅毫無用武之地…。母親雖勸她再婚，卻對她喜歡的男人挑剔再三，令她無所適從…。  希薇亞雖擁有家人滿滿的愛，但母親的喋喋不休、姊妹的意見紛歧，卻對她造成無比的壓力。就在她為一場貪瀆官司得焦頭爛額，被診斷罹患絕症的母親，卻頑固地不肯接受醫治，讓她第一次驚覺：母親的離去竟如此迫在眼前…。  在參與了母親人生的最後旅程，希薇亞終於領悟到母親對她的掛心。她重新審視習以為常的生活模式，決定開始改變，讓原本不可能的好事逐一發生：離開權謀爭鬥的職場，全心照顧最親愛的兒子，重新遇見一個愛她的好男人。而這一切的一切，都源於母親對她的關心與愛…。  【關於電影】  親情感人電影《總是有個人在愛你》（Litigante），是哥倫比亞新銳導演法蘭柯洛利（Franco Lolli）的第二部電影，獲選為坎城影展影評人周開幕片。該片拍攝靈感源於他與母親的一趟冰島之旅：就在出發前，他的母親被診斷罹癌，使他整趟旅行提心吊膽，深恐母親即將不久人世，於是將這段心境寫成劇本。為將該片真正獻給母親，法蘭柯洛利甚至成功說服了毫無表演經驗的她，出飾片中女主角律師希薇亞之母。該片成功展現了現代都會女子的多重角色與感情，不僅獲法國電影網站【Vodkaster】讚賞「充滿愛與力量」，法國【世界報】（Le Monde）更形容是「一幅精彩的女性肖像」。  《總是有個人在愛你》中文片名出自張愛玲小說【半生緣】金句，電影描繪一心擁有自己人生的都會女子，卻面對了職場、愛情與親情的多方衝擊。劇情敘述：希薇亞（卡洛琳娜薩林Carolina Sanín飾）是個頂尖律師、也是個單親媽媽。忙碌的她除照顧5歲兒子安東尼奧，更因和難搞的母親（蕾提莎葛梅茲Leticia Gómez 飾）水火不容，經常法庭、家庭兩頭燒。被診斷癌末的母親，不肯接受希薇亞的任何安排，甚至拒絕化療，讓她傷透腦筋。她在法庭上所向無敵，甚至力抗貪瀆風暴，但當她面對重病的母親，卻得收起剛毅、毫無招架之力…。電影將她的難為處境，刻畫得真摯動人，不僅連奪法國亞眠國際影展最佳影片、美國芝加哥國際影展最佳影片金雨果獎，更獲美國爛番茄電影網站100分的高評。  《總是有個人在愛你》一方面刻畫女律師面對的都會叢林法則，一方面聚焦於她跟年邁母親、年幼兒子的情感暗流。題材看似沉重，卻因劇情精彩、演出驚豔，全片既緊張又動人。尤其女主角卡洛琳娜薩林，和飾演母親的蕾提莎葛梅茲，母女對話有時充滿膽識，有時挾著情緒勒索，使全片綻現靈光，讓人目不暇給。兩人精彩且完美的詮釋，獲法國電影網站Allocine譽為「最不可思議的演出典範」。 ,片　　長：01時35分,,"[{'url': 'https://movies.yahoo.com.tw/i/o/production/movies/November2020/FmxN561EHgUVK0SCDLPY-800x1143.jpg', 'path': 'D:\\Users\\Administrator\\django-react-app\\backend\\server\\django_media\\總是有個人在愛你.jpg', 'checksum': 'cb36556357e0817fca6cef01ffc8cd7a', 'status': 'uptodate'}]",3.9,上映日期：2020-12-18,,總是有個人在愛你
97,★馬修米勒繼《哈利本森：大攝影家》，再次揭開上流社會神秘面紗 ★ 再大的咖都被治的服服貼貼，紐約首席飯店的服務管理學 ★ 再現甘迺迪與夢露的風流情史，重回瑰麗酒店事發現場 ★ 上流社會的代名詞，跟隨名人們回憶首次入住的美妙時刻  「世界上沒有任何一個地方像家一樣，但瑰麗酒店，夠接近了。」─湯米李瓊斯  如果你是一名紐約客，你不可能沒聽過上東城的瑰麗酒店，走過近九十個年頭，瑰麗酒店向來是政商名流的紐約聚會首選，最豪華的派對永遠在這裡舉行，夜夜笙歌、紙醉金迷，醜聞八卦也隨之而生，從美國總統甘迺迪與瑪麗蓮夢露的地下情到巨星名模的嗑藥派對，瑰麗酒店不只是紐約上流社會的代名詞，更是一幢充滿祕密的巨大宮殿，這個神秘又危險的地方，至今仍是名人造訪紐約時入住的不二首選，究竟瑰麗酒店有何魅力讓名人們對其死心塌地，《哈利本森：大攝影家》導演馬修米勒透過採訪瑰麗酒店的頂級客戶伍迪艾倫、喬治克隆尼、娜歐蜜坎貝兒等，揭開瑰麗酒店的神秘面紗。 ,片　　長：01時32分,,"[{'url': 'https://movies.yahoo.com.tw/i/o/production/movies/December2020/Oj5sF1R1Bmnf6AHS8znB-756x1080.jpg', 'path': 'D:\\Users\\Administrator\\django-react-app\\backend\\server\\django_media\\瑰麗卡萊爾：浮華紐約.jpg', 'checksum': '49814df7b8ddedf14b05f4c9cc9814b9', 'status': 'uptodate'}]",4.2,上映日期：2020-12-24,,瑰麗卡萊爾：浮華紐約
75,★橫掃英國奧斯卡BATFA四項大獎提名 ★金球獎最佳喜劇，最佳劇本提名 ★榮獲英國奧斯卡最佳男配角 ★全球媒體票選最佳聖誕電影 ★眾星雲集 影帝影后暖心飆戲  聖誕倒數中，大夥都開心迎接佳節到來，但他們的生活卻一點都不平靜。新上任的英國首相（休葛蘭 飾演），一邊要應付纏人的美國總統，一邊發現自己愛上了美麗助理；一位失戀的作家（柯林佛斯 飾演）前往南法療傷，卻在湖畔再度相信愛情；一名婚姻幸福美滿的妻子（艾瑪湯普遜 飾演）懷疑她的丈夫（艾倫瑞克曼 飾演）另結新歡；一名美麗新嫁娘（綺拉奈特莉 飾演）錯估了她對新郎麻吉的感情；一個情竇初開的少年試著吸引學校校花的注意；一名繼父（連恩尼遜 飾演）嘗試和他根本不瞭解的繼子交心；一名嚮往愛情的女孩想把握機會，鼓起勇氣向辦公室的暗戀對象表白；一個過氣搖滾樂明星，試著以不妥協的方式重返歌壇 . . . . 無論人生再怎麼困難，幸褔與奇蹟總是會出現！ ,片　　長：02時15分,,"[{'url': 'https://movies.yahoo.com.tw/i/o/production/movies/December2020/BYfF0ZpgvFFu6Vzp0skS-758x1080.jpg', 'path': 'D:\\Users\\Administrator\\django-react-app\\backend\\server\\django_media\\愛是您・愛是我.jpg', 'checksum': '63a64dc183c62f90bf7ec263b2559475', 'status': 'uptodate'}]",4.0,上映日期：2020-12-24,喜劇,愛是您
94,★ 《厄夢娃娃屋》《全面突襲》製片團隊挑戰驚嚇極限 ★ 《冰與火之歌：權力遊戲》「小狼女」梅西威廉斯驚悚主演 ★ 坐立難安的壓迫感宛如《暫時停止呼吸》，劇情反轉再反轉讓人無法喘息！ ★ 2020 巴黎怪奇影展 　　 幾個年輕人闖入一幢鄉間豪宅，打算將屋內裝有鉅款的保險櫃洗劫一空。然而情況卻在老夫婦屋主提前返家後豬羊變色，這群年輕人這才發現自己正逐漸步入一場超乎想像的惡夢…… ,片　　長：01時32分,,"[{'url': 'https://movies.yahoo.com.tw/i/o/production/movies/December2020/52ul1ZaWhnuftSPfz4DV-756x1080.jpg', 'path': 'D:\\Users\\Administrator\\django-react-app\\backend\\server\\django_media\\來者弒客.jpg', 'checksum': 'c58dd269ccaf864f60cea00ce6add05c', 'status': 'uptodate'}]",3.8,上映日期：2020-12-24,懸疑/驚悚,來者弒客
70,家族生根於愛爾蘭的蘿絲瑪麗（愛蜜莉布朗飾）決心要擄獲鄰居安東尼（傑米道南 飾）的芳心。然而，安東尼似乎是遺傳到他們家族的某種魔咒，完全沒有注意到這位美麗的仰慕者。於此同時，安東尼的父親東尼（克里斯多夫華肯飾），計畫要將他的農場賣給住在紐約的富商外甥（喬漢姆 飾），多金又帥氣的紐約客突然吹皺這片愛爾蘭農郡的一池春水……。​  她生而為愛，他卻花了半輩子與愛靠近；注定的那一半，原來就在彼此眼前！​,片　　長：01時43分,,"[{'url': 'https://movies.yahoo.com.tw/i/o/production/movies/December2020/u1c1LEsKLbqI1oyreXex-757x1080.jpg', 'path': 'D:\\Users\\Administrator\\django-react-app\\backend\\server\\django_media\\真愛鄰距離.jpg', 'checksum': '67f54d9eb77231bbed7a9ed96d435829', 'status': 'uptodate'}]",3.3,上映日期：2020-12-24,喜劇,真愛鄰距離
92,★2020金馬影展影迷嘉年華單元 暖心選映！ ★凱特溫絲蕾催淚新片，百變女王蘇珊莎蘭登內斂動人演技，蜜雅娃絲柯思卡真情流露，兩位奧斯卡影后首度同框飆戲，激出觀眾眼淚。 ★電影中文主題曲【模樣】大Q秉洛 感動獻唱。  奧斯卡影后蘇珊莎蘭登飾演一名罹患漸凍症的母親，決定選擇安樂死結束多年來與病痛的抗爭，她和先生邀請兩位女兒凱特溫絲蕾、蜜雅娃絲柯思卡與好友一起共度週末，陪她走完人生最後一哩路，而面對母親的離別抉擇，家人彼此間的心結與祕密也逐一浮現。,片　　長：01時38分,,"[{'url': 'https://movies.yahoo.com.tw/i/o/production/movies/October2020/FMyiRD2VEoUgc7IAeyt2-756x1080.jpg', 'path': 'D:\\Users\\Administrator\\django-react-app\\backend\\server\\django_media\\說不出的告別.jpg', 'checksum': '6243e28e8311787957aa6f5128598e9e', 'status': 'uptodate'}]",3.8,上映日期：2020-11-27,,說不出的告別
100,古魯家族曾經遇到不少危險和災難，像是從滿口尖牙的史前怪獸嘴裡驚險逃生，並且在世界末日中倖免於難，但是他們現在將面對最大的挑戰：另一個家族。  古魯家族需要找到一個全新的地方生活，於是這個史前時代的第一家族就勇闖新世界，尋找一個全新的家園。當他們找到一個受到周全保護，風景優美、氣候宜人，完全符合他們需求的人間樂園的時候，他們都覺得他們所有的問題都解決了…除了一件麻煩事，那就是有另一個家族已經住在那裡：郝野人家族。  郝野人家族顧名思義就是他們的生活過得比古魯家族好太多了，他們有豪華的樹屋、各種先進的發明，以及擁有人工灌溉系統，一望無際的新鮮菜園。換句話說，他們比古魯家族進步太多了。當他們招待古魯家族成為史上第一個到別人家作客的客人之後，古魯這個山頂洞人家族和郝野人這個現代家族很快就產生了越來越激烈的衝突和矛盾。 當這兩個家族看似水火不容的時候，一個全新的威脅即將迫使他們遠離安逸的田園生活，前往危險的外面世界展開一場史詩級的冒險旅程。他們不只是必須接受和擁抱彼此之間的不同、從對方身上得到力量，而且必須共同創造一個美好的未來。  《古魯家族：新石代》一片堅強的配音演員陣容包括尼可拉斯凱吉再度為咕嚕配音、凱薩琳凱娜再度為娥姐配音、艾瑪史東再度為一妹配音、萊恩雷諾斯再度為一妹的男友阿蓋配音、克拉克杜克（《扭轉時光機》）再度為坦克配音，以及克蘿麗絲莉姬曼再度為可人配音。全新加入的配音演員則包括彼得汀克萊傑（《冰與火之歌：權力遊戲》）為菲爾配音、萊絲里曼恩（《圍雞總動員》）為希旺配音，以及凱莉瑪麗陳（《STAR WARS：最後的絕地武士》）為他們的女兒棠棠配音。 這部動畫喜劇片的導演是喬伊克勞福德，他曾經參與多部夢工廠動畫電影的製作，包括《魔髮精靈》以及《功夫熊貓》系列電影，製片則是馬克斯威（《內褲隊長》、《馬達加斯加3：歐洲大圍捕》）。 ,片　　長：01時35分,,"[{'url': 'https://movies.yahoo.com.tw/i/o/production/movies/October2020/UVLwwkfs3sUKhW63lV59-2049x2953.jpg', 'path': 'D:\\Users\\Administrator\\django-react-app\\backend\\server\\django_media\\古魯家族：新石代.jpg', 'checksum': '1fa931a26b82e24ef5baa7149eeffe62', 'status': 'uptodate'}]",4.3,上映日期：2020-11-27,喜劇,古魯家族：新石代
88,由天王劉德華領軍造夢的《熱血合唱團》講述了三等學校的問題學生在學校闖下大禍後，被要求參加一個「熱血合唱團試驗計畫」。別無選擇的學生只得遵從。之後，在音樂界著名華裔指揮家也答應作為該合唱團的指揮後，合唱團與指揮家正式開始了他們的高歌之旅……。透過音樂，給自己的迷惘人生一個熱血成長的機會！,片　　長：01時36分,,"[{'url': 'https://movies.yahoo.com.tw/i/o/production/movies/November2020/moN8FR7LPjOByHxZbKfo-757x1080.jpg', 'path': 'D:\\Users\\Administrator\\django-react-app\\backend\\server\\django_media\\熱血合唱團.jpg', 'checksum': '93c34119f8868dfe36ae89612993a96f', 'status': 'uptodate'}]",3.9,上映日期：2020-12-04,劇情,熱血合唱團
98,本片根據CAPCOM熱門電玩遊戲改編，劇情描述在人類居住的世界背後，有個充滿危險強大的魔物世界，娜塔莉阿特彌斯中尉(蜜拉喬娃維琪 飾演)與由她帶領的菁英部隊進入了這個神秘時空，在這個超能怪物群居的新世界，將面臨著全團滅亡的生存之際。娜塔莉一行人在尋求返家之路時，她們遇到了一名能在這蠻荒之地生存的神秘獵人(東尼嘉 飾演)。面對蜂擁而至的凶狠且恐怖的魔物攻擊，娜塔莉和勇士們準備一一擊退並找到能順利回家的路…,片　　長：01時44分,,"[{'url': 'https://movies.yahoo.com.tw/i/o/production/movies/October2020/OJGCDnB6Gzfn6Dvg6BC3-757x1080.jpg', 'path': 'D:\\Users\\Administrator\\django-react-app\\backend\\server\\django_media\\魔物獵人.jpg', 'checksum': 'cc87d2c0599bef9303af5703dd414865', 'status': 'uptodate'}]",3.6,上映日期：2020-12-04,冒險,魔物
80,★ 金獎組合，聯手打造今年度最赤裸大尺度色慾激情國片！ ★ 金馬獎最佳改編劇本入圍新銳導演賴孟傑，全新創作話題力作！ ★ 鄭人碩攜手「台版金泰希」邱偲琹，挑戰從影最大尺度情慾演出！  相慾之後，我們相愛… 六（鄭人碩 飾）是位靠販售愛心商品維生的身障人士，生活大小事都需倚賴父親（喜翔 飾）幫忙，從未談過戀愛的他，對於性有著無限的憧憬與幻想，在大樓保全文哥（鄭志偉 飾）的引介下，六認識了一個沉默的少女泡麵（邱偲琹 飾），長年生活在陰暗狹小文具店的她，不僅要照顧有心理疾病的母親（黃采儀 飾），在學校也備受同儕霸凌。  對未來不抱期待的泡麵，與六從平淡的性交易關係，逐漸發展出一段刻骨銘心的愛情，同時六也發現文哥與泡麵似乎也有著不尋常的關係… 同樣生活在灰色角落的他們，透過相遇的微光溫熱了彼此的心，因慾望點燃了希望，兩人最終能否走出生命的困境…？ 《親愛的殺手》將於2020年12月4日全台上映。 ,片　　長：01時32分,,"[{'url': 'https://movies.yahoo.com.tw/i/o/production/movies/July2020/h7uhTTyfcqJc09j4JELJ-509x720.jpg', 'path': 'D:\\Users\\Administrator\\django-react-app\\backend\\server\\django_media\\親愛的殺手.jpg', 'checksum': '2c85b083d9403409ec0897c9a10cc1d0', 'status': 'uptodate'}]",3.7,上映日期：2020-12-04,,親愛的殺手
84,★ 感動全球真實故事改編，同名小說全球熱銷千萬冊！ ★ 全球最紅街貓「BOB」大銀幕最後演出，貓奴必看感人電影！ ★《永不屈服》路克索德威，完美詮釋英倫街頭藝人詹姆士伯恩！  改編自《遇見街貓BOB》（A Street Cat Named Bob）同名電影續集，貓奴們將與詹姆士（路克索德威飾演）和Bob一同展開一趟全新旅程。從詹姆士救起流浪貓Bob的那天起，他們的友誼就開始了，他開始帶著Bob一起上街賣藝，Bob在賣藝期間總是靜靜地待在詹姆士的琴袋上、吉他上，甚至是肩膀上。這次詹姆士回顧他和Bob，在街頭度過的最後一個聖誕節，以及Bob如何幫助他度過最艱難的時光，並與朋友交流聖誕節精神的真正含義。 ,片　　長：01時32分,,"[{'url': 'https://movies.yahoo.com.tw/i/o/production/movies/November2020/2MiW3a75Wdooxhb4EmWq-800x1154.jpg', 'path': 'D:\\Users\\Administrator\\django-react-app\\backend\\server\\django_media\\再見街貓BOB.jpg', 'checksum': 'c4d51b0e323ac470f5b5239c3840f897', 'status': 'uptodate'}]",4.1,上映日期：2020-12-10,,再見街貓BOB
97,★ 喜劇界首屈一指的鬼才導演福田雄一打造超乎想像的異色《三國志》！ ★ 「日本男神」福山雅治獻唱主題曲〈革命〉！ ★ 「劉備」大泉洋、「孔明」室剛、「董卓」佐藤二朗、「曹操」小栗旬、「黃巾」山田孝之、「周瑜」賀來賢人、「黃夫人」橋本環奈、「貂蟬」渡邊直美……人氣日星華麗上陣！  ★ 台日混血「諧星界女神」渡邊直美扮貂蟬，魅惑眾人！ ★《解憂雜貨店》西田敏行首度加入「福田組」熱演歷史學家  距今1800年前，中國大陸處於「魏」「蜀」「吳」三國群雄割據的時代。在這亂世中，為重返太平盛世，被後人視為英雄的蜀國武將．劉備（大泉洋 飾）崛起，在劉備與各國武將們奔騰的熱血時代，終於發生了「赤壁之戰」，這是一場魏國80萬大軍對上蜀國與吳國的3萬聯軍的兵力懸殊之戰…… ,片　　長：01時54分,,"[{'url': 'https://movies.yahoo.com.tw/i/o/production/movies/November2020/yvHPRUqFbTvMPH64IKKA-756x1080.JPG', 'path': 'D:\\Users\\Administrator\\django-react-app\\backend\\server\\django_media\\新解釋・三國志.jpg', 'checksum': '37aadc4a1a67c58ffd1900d702215ccc', 'status': 'uptodate'}]",3.6,上映日期：2020-12-11,喜劇,三國志
95,★峰迴路轉燒腦歡快，日本賣座神片續集，原班人馬重磅出擊！ ★ 蟬聯五週日本票房排行榜！超越前作大賣40億日幣! ★「眼睛看到的未必是真實。什麼是真，什麼是假。你能看穿真實嗎！？歡迎來到詐欺師的世界。」 ★電影主題曲-Laughter【Official 鬚男dism】深情獻唱  《公主篇》以馬來西亞「蘭卡威島」作為舞台背景，世上頂尖大富豪-胡.雷盟身後留下10兆日圓遺產，律師發表的繼承人卻是誰都不知道的私生女-蜜雪兒。就在家屬尋找私生女的同時，世界各地的詐欺師們也為這遺產大集合！詐欺師三人小組怎能錯過這天大的好機會，「達子、小弟、理查」也潛入富豪家，開啟史上最大規模的詐騙計畫。螳螂捕蟬黃雀在後，他們的身份卻被家屬識破，安排殺手暗中突襲，倒在血泊中的三人是否能平安得救......天才詐欺師們生涯最嚴峻挑戰！  【關於電影】  從連續劇轉戰大銀幕，2019年首集電影版《信用詐欺師JP》口碑票房雙收，2020年最新電影版《信用詐欺師JP:公主篇》演員一字排開猶如頒獎典禮，每位演員都可獨當一面扛起電影票房，但卻都願意臣服在詐欺師的旗下，甚至連台灣女星徐若瑄也趕來插上一腳！  「信用詐欺師JP」系列由長澤雅美、東出昌大、小日向文世三人合作，日劇版表現亮眼，故事讓人驚喜連連，編劇古澤良太再次巧手將大部分角色全數置入，《公主篇》預告一釋出隨即引發討論，不但竹內結子、三浦春馬再度登場，徐若瑄也以誇張演技亮相。  除了首部電影版出現的廣末涼子、江口洋介，還加入生瀨勝久、石黑賢、濱田麻里、柴田恭兵等資深演技派，主題曲則找來日本當紅樂團「Official 鬚男dism」演唱，為電影增色。 ,片　　長：02時04分,,"[{'url': 'https://movies.yahoo.com.tw/i/o/production/movies/December2020/SctoAzwvQ8KuDVIChKyj-756x1080.jpg', 'path': 'D:\\Users\\Administrator\\django-react-app\\backend\\server\\django_media\\信用詐欺師JP：公主篇.jpg', 'checksum': 'e848dd1dc77811262f924cb27b51b9e7', 'status': 'uptodate'}]",4.3,上映日期：2020-12-11,喜劇,信用詐欺師
88,艾比(克莉絲汀史都華 飾演)原本打算趁聖誕假期在家族聚餐上向女友哈珀(麥坎西戴維斯 飾演)求婚，沒想到哈珀壓根還沒跟保守的家人出櫃。關係曝光讓原本歡樂的假期陷入一團混亂，這對戀人該如何面對自己和親友勇敢說愛？同時又不毀掉完美的聖誕假期？,片　　長：01時41分,,"[{'url': 'https://movies.yahoo.com.tw/i/o/production/movies/November2020/HLffjMYa7OknPGBsy1v8-757x1080.jpg', 'path': 'D:\\Users\\Administrator\\django-react-app\\backend\\server\\django_media\\求婚好意外.jpg', 'checksum': 'b56b30be1fbf8f3e903845e44af87693', 'status': 'uptodate'}]",4.2,上映日期：2020-12-11,,求婚好意外
96,時間快轉到了1980年代，神力女超人在她的下一個銀幕大冒險中，發現自己面對了兩個全新的敵人：麥斯威爾洛德和豹女。  本片依然由導演派蒂珍金斯執導，蓋兒加朵扮演神力女超人，《神力女超人1984》是華納兄弟電影公司繼2017年全球票房達8.22億美元，賣座的《神力女超人》這部DC超級英雄首作的續集。克里斯潘恩繼續在本片飾演史提夫崔佛，另外還有克莉絲汀薇格飾演的豹女，佩德羅帕斯卡飾演的麥斯威爾洛德，羅蘋萊特飾演的安提奧佩，以及康妮尼爾森飾演的希波呂忒。  續作的製作陣容包括查爾斯羅文、黛博拉史奈德、查克史奈德、派蒂珍金斯、蓋兒加朵和史蒂芬瓊斯。監製則包括蕾貝卡史提爾羅文歐克萊、理查德薩科、瑪莉安珍金斯、傑夫強斯、華特濱田、香緹儂武和衛斯理考勒。  派蒂珍金斯執導所用的劇本是由她與傑夫強斯及大衛卡拉漢所撰寫，故事架構則是由珍金斯和強斯根據DC漫畫的角色而來。而導演在幕後的團隊來自她的《神力女超人》團隊，包括攝影指導馬修詹森，奧斯卡提名的製作設計艾琳班尼托（《艾蜜莉的異想世界》），以及奧斯卡服裝設計琳蒂漢明（《酣歌暢戲》）。負責剪輯的是奧斯卡提名剪輯理查皮爾森 （《聯航93》）。配樂是由奧斯卡獲獎的作曲家漢斯季默（《敦克爾克大行動》、《獅子王》）負責。 ,片　　長：02時31分,,"[{'url': 'https://movies.yahoo.com.tw/i/o/production/movies/December2020/KCmsxbTj8PyMHGEii0DY-757x1080.jpg', 'path': 'D:\\Users\\Administrator\\django-react-app\\backend\\server\\django_media\\神力女超人1984.jpg', 'checksum': 'a47522e526e5e409aeb28d25fd0df431', 'status': 'uptodate'}]",3.5,上映日期：2020-12-17,冒險,神力
96,★ 原班人馬重啟感動！ ★ 小魔女DoReMi，給正在瓶頸的你力量！ ★ 等待二十年…魔法再次降臨！  感到迷惘是正常的 想成為老師，卻失去自信心，對將來感到迷惘的大學生－長瀨空（名古屋） 從事理想的工作，卻難以融入職場文化，原因出在小時候住在國外的上班族吉月美鈴（東京） 努力打工存錢想要實現夢想，現實生活卻被沒用的男友耍得團團轉的打工女孩川谷麗香（廣島縣尾道市） 年齡、個性和居住地都不同的三名女性，都陷入對人生迷惘的階段，看不清楚夢想中描繪的未來，這時，引領她們相遇的竟是「小魔女DoReMi」！？  在小魔女實習生以前聚集的鎌倉洋樓「魔法堂」，她們命運般地認識彼此，和小魔女DoReMi一同踏上「飛驒高山、京都、奈良」的旅行…  三人度過一段有笑有淚、互相扶持的珍貴時光，她們這時才發現，原來小魔女們無論何時總是在自己的身旁。小魔女推了她們一把，讓她們踏出新的一步，美好的世界更加寬廣了…  【影片介紹】  我們都曾渴望魔法 那些離開魔法的少女都去哪裡了？ 無論你是不是《小魔女DoReMi》的粉絲，只要是女孩，都曾經歷過幻想擁有魔法的童年，一直到長大，直到第一次心碎、第一次失業、第一次面臨家人的逝去，才發現人生沒有百靈丹。魔法不會在無助的時候出現，只有妳自己以及內心那顆小小的希望種子及熱忱。《尋找小魔女Doremi》是獻給所有正在經歷人生瓶頸的女子們，一首讚頌獨立堅強的打氣歌。也許你曾深愛《小魔女DoReMi》系列，也或許你從未看過。但只要你也曾祈禱擁有魔法、只要你也曾站在瓶頸的十字路口掙扎，或是你正在躊躇不前，必定能有所收穫。這是一部開放給所有後少女時期、或是相信自己永遠是少女的你，一同進入電影院欣賞，進入那個與「世界上最不幸的美少女」有關的回憶錄。  《小魔女DoReMi》電視動畫系列從1999年於朝日電視台播出。當初原本只預計製播一年，但是在播出之後好評如潮，最後變成長達4年的長壽卡通，整整製作了4季，播到2003年為止。單季的最高收視率是13.9%（「大~集合小魔女DoReMi」（01-02））。據說當時在日本有九成的小女孩都看過《小魔女DoReMi》系列，是每週日晨間的超人氣動畫。  在電視版動畫第一季播出滿20週年的2019年，正式決定製作全新原創的電影版！集結佐藤順一、馬越嘉彥到栗山綠等電視版的主創元老，以及當時看小魔女的動畫長大的新銳動畫人才，一起創作出特別獻給大朋友們看的全新「魔法」物語！,片　　長：01時32分,,"[{'url': 'https://movies.yahoo.com.tw/i/o/production/movies/October2020/vYZbf7dvY7wdwVQscGuI-760x1080.jpg', 'path': 'D:\\Users\\Administrator\\django-react-app\\backend\\server\\django_media\\尋找小魔女Doremi.jpg', 'checksum': '0388a47481c21a60bde679dfa5860a70', 'status': 'uptodate'}]",3.9,上映日期：2020-11-27,,尋找小魔女Doremi
92,這部作品以黑色幽默又暖人心房的手法，述說在1967年年底，有一個孤苦伶仃的男童（賈瑟布魯諾 飾）來到阿拉巴馬州鄉下的迪莫波利斯鎮，去跟他親愛的奶奶（奧塔薇亞史班森 飾）一起住。男孩與奶奶遇到一群神祕、迷人卻又殘忍的女巫，機靈的奶奶很快帶著孫子逃到一處熱鬧的海濱名勝。好巧不巧，就在他們抵達時，世上最厲害的「高階女巫」（安海瑟葳 飾）召集了她在全世界的同伴來到這裡，她們都做了偽裝，要一同展開高階女巫的邪惡計劃。  【關於電影】  這部電影改編自童書作家羅德達爾的原著，電影編劇是勞勃辛密克斯與肯亞巴里斯（影集《喜新不厭舊》、《新殺戮戰警》）和奧斯卡金像獎得主吉勒摩戴托羅（《水底情深》）。製片人是勞勃辛密克斯、傑克雷克、吉勒摩戴托羅、艾方索柯朗和盧克凱利，監製則是賈桂琳李文、瑪麗安娜詹金斯、麥可辛格、基登史密洛夫和凱特亞當斯。  幕後製作團隊囊括勞勃辛密克斯的老班底，包括奧斯卡金像獎提名的攝影指導唐伯吉斯（《阿甘正傳》）、製作設計蓋瑞佛里曼、剪輯傑瑞米奧德里斯科爾和陳萊恩、奧斯卡獎提名的服裝設計喬安娜強斯頓（《同盟鶼鰈》、《林肯》）和奧斯卡金像獎提名的配樂家亞倫席維斯崔（《北極特快車》、《阿甘正傳》）。,片　　長：01時44分,,"[{'url': 'https://movies.yahoo.com.tw/i/o/production/movies/October2020/MHIEbakJ4fb1ilbluh5x-729x1080.jpg', 'path': 'D:\\Users\\Administrator\\django-react-app\\backend\\server\\django_media\\女巫們.jpg', 'checksum': 'ae799f7f71de22fc6fd346aef7f3217d', 'status': 'uptodate'}]",3.5,上映日期：2020-11-05,劇情,女巫們
92,★ 人氣漫畫家キヅナツキBL名作改編的同名動畫 首度映畫化！ ★ 以SNS為中心 「青春×樂團×BL」的最佳組合！ ★日本BL動畫知名品牌「BLUE LYNX」繼《鳴鳥不飛：烏雲密布》又一力作  キヅナツキ同名BL人氣漫畫，繼電視劇版後，終於登上大銀幕，這也是日本BL新銳廠牌「BLUE LYNX」繼《鳴鳥不飛：烏雲密布》的第二部作品。  高中生上山立夏熱愛演奏吉他，與春樹和秋彥合組一個小樂隊。某個午休，他意外幫佐藤真冬修好吉他弦後，被真冬拜託教吉他，而後又在聽到真冬的歌聲後邀請他加入樂隊。立夏在相處的過程中漸漸喜歡上真冬，真冬有一個彼此互相喜歡並支持的青梅竹馬，但那個人卻自殺了，因那個人喜歡吉他，真冬才一直很想學。那個人沒有做到的事，沒有堅持的陪伴，立夏都幫他實現了，真冬也開始慢慢喜歡上立夏。另外一對CP春樹和秋彥，春樹一直默默地喜歡著秋彥，為他留著長髮，但秋彥卻與極具音樂才華的小提琴家雨月同居在一起。動畫影集以高中生的真冬與立夏兩人間悲傷恬淡的愛情為主軸，首部劇場版則為大人組三人的春樹、秋彦、雨月，熾熱的三角戀拉開序幕。 ,片　　長：01時00分,,"[{'url': 'https://movies.yahoo.com.tw/i/o/production/movies/October2020/XXey6Tf3VzoUhoYXW0su-758x1080.jpg', 'path': 'D:\\Users\\Administrator\\django-react-app\\backend\\server\\django_media\\GIVEN~被贈與的未來劇場版.jpg', 'checksum': 'cb0f472bf6fa6ef9b7ae10194c2d2924', 'status': 'uptodate'}]",4.3,上映日期：2020-11-06,被贈與的未來
91,★笑中帶淚、感人肺腑，今年度最溫暖動人的家庭溫情系電影 ★廖慶松、徐若瑄領軍，金獎團隊聯手打造，再創台灣家庭電影經典 ★台灣重量級實力派女性演員，共同寫下屬於台灣女人的故事  缺席的人，是她們不能觸碰的心事… 林秀英（陳淑芳 飾）是台南赫赫有名的餐廳老闆，在丈夫（龍劭華 飾）無聲無息地離家後，便靠著賣蝦捲，獨自撫養三個女兒長大成人，不僅把蝦捲從路邊攤賣到開餐廳，三個女兒更是成就非凡，大女兒阿青（謝盈萱 飾）是國際舞者，二女兒阿瑜（徐若瑄 飾）在台北當整形醫生，小女兒佳佳（孫可芳 飾）則接手自己的餐廳事業。  眼看就要苦盡甘來，秀英卻在70大壽當天接到丈夫離世的噩耗，在替這位有名無實的丈夫籌辦喪禮的同時，竟意外迎來了另一位陪伴丈夫度過晚年的女人，令她不得不再次面對內心埋藏已久的怨懟……,片　　長：02時03分,,"[{'url': 'https://movies.yahoo.com.tw/i/o/production/movies/August2020/7ZbNJdYQsNCYp0IvZfkA-504x720.jpg', 'path': 'D:\\Users\\Administrator\\django-react-app\\backend\\server\\django_media\\孤味.jpg', 'checksum': 'b80bb93e95856daac895ddd38ad08ca5', 'status': 'uptodate'}]",4.2,上映日期：2020-11-06,,孤味
98,所有的童話傳奇都來自夢想…  這是愛麗絲跳進兔子洞以及彼得潘成為小飛俠之前的故事。傑克(大衛歐洛沃飾)與蘿絲(安潔莉娜裘莉飾)為他們的三個孩子大衛、彼得與愛麗絲建築了一個充滿奇幻想像又溫暖的家，直到大衛在意外中身亡後讓所有人陷入悲痛之中，彼得與愛麗絲分別逃往夢幻島(Neverland)與仙境世界 (Wonderland)以躲避憂傷，卻在魔幻的世界中找到了勇氣與力量，他們決心挽救支離破碎的家而踏上了倫敦冒險之旅，顛覆你對童話故事的想像，愛麗絲與彼得潘的冒險即將啟航！,片　　長：01時34分,,"[{'url': 'https://movies.yahoo.com.tw/i/o/production/movies/October2020/jmsVUA4yHnaZgXU8OaPx-756x1080.jpg', 'path': 'D:\\Users\\Administrator\\django-react-app\\backend\\server\\django_media\\愛麗絲與夢幻島.jpg', 'checksum': '0b7794c6b9aa03b8ddd9c98ac086cc9c', 'status': 'uptodate'}]",3.4,上映日期：2020-11-12,奇幻,愛麗絲與夢幻島
33,★ 爛番茄獲91分高分、各大報影評給予超正面評價 ★以幽默對白笑翻坎城，勇奪坎城影展「一種注目評審團怦然心動獎」 ★短片在日舞影展獲獎，發展衍生長片後獲多倫多影展等多項國際影展獎項提名  本片榮獲坎城影展一種注目評審團怦然心動獎，由麥可安哲羅可維諾自編自導自演，與共同編劇凱爾馬文飾演一對認識很久的難兄難弟。在一段風景優美的山間公路自行車之旅中，氣喘吁吁的凱爾一邊奮力踩著自行車，一邊感謝死黨麥可貼心在他婚前安排這趟旅程，麥可卻突如其來的說了一個隱瞞已久的秘密，造成這段友誼瞬間變調，超展開成這對死黨相愛相殺的故事。,片　　長：01時38分,,"[{'url': 'https://movies.yahoo.com.tw/i/o/production/movies/October2020/4p9mNb1FEcr0CaVUwt6B-756x1080.jpg', 'path': 'D:\\Users\\Administrator\\django-react-app\\backend\\server\\django_media\\婊兄弟上路.jpg', 'checksum': '0f74de16e134a69a21c3c04abd9b9ae7', 'status': 'uptodate'}]",3.2,上映日期：2020-11-20,喜劇,婊兄弟上路
97,★本屆金馬影展開幕電影！ ★《大佛普拉斯》金獎製作團隊原班人馬最新力作！ ★億萬監製葉如芬X金馬導演鍾孟宏X金馬最佳新導演黃信堯再度攜手！ ★《大佛普拉斯》金馬最佳新導演黃信堯自編自導第二部劇情長片！ ★金馬最佳男配角劉冠廷、鄭人碩、納豆、施名帥首度同台飆戲！  人會老 存錢也要存一些老朋友 從同學 看見現代人的人生百態…  四個高中同學畢業後常常聚在泡沫紅茶店刁牌、唬爛三小，但聚會後他們還是要繼續面對生活的艱難…電風(鄭人碩飾)是保險業務員，領著微薄薪水省吃儉用買了新房，因為女友懷孕將步入婚姻的人生階段；從事紙紮屋行業又有陰陽眼的閉結(劉冠廷飾)，因長期照顧臥病在床的阿嬤錯過婚姻，想尋求婚姻介紹所找一個好女人結婚；罐頭(納豆飾)在一次吞藥自殺後洗心革面，接下了戶政所的工作，因此與他心目中的女神校花麥娜絲重逢；添仔(施名帥飾)是懷才不遇的導演，卻在機緣下被政客(陳以文飾)相中開始選舉之路…  四個人各自遇上人生事業、婚姻、愛情、夢想的難題，唯一不變的是他們從學生時期到現在仍相約在泡沫紅茶店。同學聚在一起雖然幹話滿天，但這些幽默的五四三，卻展現相互扶持的真摯友情，也透露了長大後面對困頓人生的徬徨與無奈，而人生的重重關卡，正考驗著這四位同學真摯的情誼… ,片　　長：02時02分,,"[{'url': 'https://movies.yahoo.com.tw/i/o/production/movies/October2020/oH800GBzsB0dHOkzCFNT-800x1144.jpg', 'path': 'D:\\Users\\Administrator\\django-react-app\\backend\\server\\django_media\\同學麥娜絲.jpg', 'checksum': '4b146ac492530146d5ba1c2bc6771814', 'status': 'uptodate'}]",4.1,上映日期：2020-11-20,喜劇,同學
94,以古都京都為舞台，新一將挑戰兇手為天狗的連環殺人案！ 而他與小蘭的戀情又會走向何方呢!?  因校外旅行而來到京都的新一，在清水寺遇見母親有希子的朋友——女演員鞍知景子。和大學同學來替老友掃墓的景子，委託新一解讀同學收到的暗號。當晚，新一帶著小蘭、園子、世良造訪投宿同一家飯店的景子房間，發現那裡聚集了即將上映的電影《紅之修羅天狗》相關人員。演員井隼森也、電影導演馬山峰人、作曲家阿賀田力、編劇西木太郎都是景子的大學同學。  新一接過西木收到的暗號便和景子等人道別，然而緊接著發生了西木被殺害的事件。案發現場如同養源院的血天井一般，天花板染著鮮血。天花板上的血腳印一直延續到窗戶，世良推測能在空中飛翔、擁有神力的怪物即是兇手。景子等人害怕遭到天狗襲擊而顫慄不已。  天狗是這次電影的題材，而新的暗號也與天狗經常拿在手上的八角金盤葉一起被放進了西木的懷中。之後，電影相關人員陸續受到天狗襲擊……。,片　　長：01時28分,,"[{'url': 'https://movies.yahoo.com.tw/i/o/production/movies/August2020/LrBCf8dgQWEVMoI0ZPbh-493x720.jpg', 'path': 'D:\\Users\\Administrator\\django-react-app\\backend\\server\\django_media\\名偵探柯南：紅之校外旅行鮮紅篇&戀紅篇.jpg', 'checksum': '342b65b8aff513f37833e3e08b52e736', 'status': 'uptodate'}]",3.9,上映日期：2020-11-20,柯南
92,,片　　長：01時48分,,"[{'url': 'https://movies.yahoo.com.tw/i/o/production/movies/November2020/23FB4A0WEdIB5tNCY3AS-758x1080.jpg', 'path': 'D:\\Users\\Administrator\\django-react-app\\backend\\server\\django_media\\MISS.jpg', 'checksum': '21ec2a37f82dbd081acf932e66af1946', 'status': 'uptodate'}]",4.3,上映日期：2020-11-27,劇情,MISS
75,,片　　長：01時33分,,"[{'url': 'https://movies.yahoo.com.tw/i/o/production/movies/October2020/RkBw98x4XHjOLnnOEiZr-764x1080.jpg', 'path': 'D:\\Users\\Administrator\\django-react-app\\backend\\server\\django_media\\十二夜2：回到第零天.jpg', 'checksum': '0dceb412e8719f26da8e7fb4223b8586', 'status': 'uptodate'}]",3.9,上映日期：2020-11-27,,十二夜
78,★2020年台北電影節開幕片 開賣10分鐘秒殺完售 ★台灣真實事件改編 【天黑請閉眼】柯貞年導演 首部作品躍上大銀幕 ★年度重磅話題國片 後座力超強！天真「有」邪 VS驚悚人性 ★校車最後一排的祕密 什麼是可以玩 卻不能說的遊戲？ ★金馬獎最佳男配角劉冠廷X金馬獎影后楊貴媚X金馬獎最佳男配角太保 同台飆戲 ★新生代潛力演員 劉子銓X陳妍霏X金玄彬 震撼演出 ★奪金馬獎最佳原創歌曲 盧律銘再度打造動人配樂  學校裡很寧靜，但卻充斥著詭異氛圍。天真無邪的學生一起在玩一個遊戲，但這個遊戲卻是不能說的秘密，可是到底為什麼不能說…在這個遊戲中，什麼才是勝利？誰勝誰負？又或，大家口中不能說的遊戲只是一種無助的求救訊號？在孤寂的無聲世界中，聽不見，不代表看不見，其實，你並不孤單。  新銳導演柯貞年的首部長片以大膽敘事方式探討「愛與救贖」，現實雖然未能盡如人意，但世界上的每個人都是值得被愛的。「他們只是在玩」一句輕描淡寫的話，在無聲的世界中蔓延，究竟什麼是一起玩，卻不能說的遊戲？ ,片　　長：01時44分,,"[{'url': 'https://movies.yahoo.com.tw/i/o/production/movies/September2020/rHwQn0o7XCZ3imapWDfz-1024x1458.jpg', 'path': 'D:\\Users\\Administrator\\django-react-app\\backend\\server\\django_media\\無聲.jpg', 'checksum': '5c827a3d27d61282fe03e85e4705fb5b', 'status': 'uptodate'}]",4.1,上映日期：2020-10-15,,無聲
99,★繼《列車上的女孩》、《控制》後又一懸疑驚悚力作！ ★《獵殺星期一》歐蜜瑞佩斯vs.《碳變》喬爾金納曼兩大超人氣影星同台飆戲！ ‬‬‬‬★台北電影獎「國際新導演」、以色列電影學院獎「最佳導演」尤瓦阿德勒！ ★最意想不到的劇情神翻轉，98分鐘全場坐立難安！  顫慄遊戲開始 說真相就活命！ 二戰過後，僥倖在納粹集中營生還的瑪雅(歐蜜瑞佩斯飾)與其丈夫路易斯(克里斯梅希納飾)定居美國展開全新的生活，某日她偶然遇見了一個神秘的男子湯瑪斯(喬爾金納曼飾)，勾起埋藏在內心深處的痛苦過往，她深信這個男子就是曾經在納粹集中營折磨她的德國士兵，於是瑪雅展開了一場復仇計劃…  【關於電影】  從《獵殺星期一》到《地下弒的秘密》 歐蜜瑞佩斯自任監製 在《普羅米修斯》系列之後，叫好又叫座的科幻懸疑動作電影《獵殺星期一》再次打響歐蜜瑞佩斯的名聲，而此次她自監自演的驚悚片《地下弒的秘密》曲折離奇的故事將讓觀眾再次感受她的演技魅力。歐蜜瑞佩斯受到劇本故事的吸引，讓她自薦擔任電影監製，說服檔期幾乎全滿的喬爾金納曼加入演出，並找來導演尤瓦阿德勒擔任編導，讓歐蜜堪稱是劇組最大「金手指」！  導演尤瓦阿德勒建議在角色設定上多加入歐蜜瑞佩斯的個人背景，因此他提出將主角設定為羅姆人，也就是俗稱的吉普賽人，因為歐蜜瑞佩斯有一半的羅姆人血統，歐蜜表示：「羅姆人在歐洲面對幾世紀的迫害，後來又成為納粹的目標，成為囚犯，被迫勞動和遭受大量屠殺，我們開始研究他們在戰時和戰後的情況。」巧合的是，歐蜜瑞佩斯因拍攝電影《獵殺星期一》，她待在羅馬尼亞長達6個月，而羅馬尼亞正是《地下弒的秘密》主角瑪雅的故鄉，歐蜜坦言：「那裡的鄉下從戰後至今其實改變不多，我能夠沉浸在那種文化下，感受當地人的心靈，他們很驕傲，感情很激烈，讓我得以把這些特質套用在角色身上。」,片　　長：01時38分,,"[{'url': 'https://movies.yahoo.com.tw/i/o/production/movies/October2020/L6vYMfJoxrG2MiQJcAE8-756x1080.jpg', 'path': 'D:\\Users\\Administrator\\django-react-app\\backend\\server\\django_media\\地下弒的秘密.jpg', 'checksum': '0c210f395a4301646767ac406045a0af', 'status': 'uptodate'}]",3.4,上映日期：2020-10-16,懸疑/驚悚,地下弒的秘密
88,在片中飾演前退役海軍陸戰隊隊員艾莉(Ali)的露比·蘿絲，回鄉尋求療癒，低調生活，沒想到竟捲入另一場奪寶紛爭，而對方來勢洶洶，要的不只是藏在公寓裡的千萬名畫，還想要趕盡殺絕。她隻身一人對抗菁英傭兵軍隊，從肉搏戰至炸彈爆破全部自己來，她不只要跟時間賽跑，還要小心四處埋伏的殺機，讓這些侵門踏戶的敵人親眼見識「來自特種部隊的守門人」。,片　　長：01時37分,,"[{'url': 'https://movies.yahoo.com.tw/i/o/production/movies/September2020/reOhi3UMBLvQvctLdW1e-731x1080.jpg', 'path': 'D:\\Users\\Administrator\\django-react-app\\backend\\server\\django_media\\奪命守門人.jpg', 'checksum': '7caafebd5e5cd25f345d75dd78cd70b5', 'status': 'uptodate'}]",3.2,上映日期：2020-10-16,懸疑/驚悚,奪命守門人
99,★ 改編自韓國經典犯罪電影《盲證》，由日本新生代實力派女星吉岡里帆聯手鮮肉帥哥高杉真宙演出 ★ 一個因意外失明的警校畢業生，卻是連環女高中生綁架案的唯一證人，她要如何指認極惡罪犯？ ★ 少女連環分屍慘案，智慧型殘暴罪犯與看不見的前女警展開一場鬥智對決  濱中夏目（吉岡里帆 飾）在警察學校畢業典禮當晚，因過失車禍，導致弟弟死去，自己也雙目失明，她放棄成為警察的夢想，3年來，她將自己完全封閉，只有導盲犬陪伴她過日子。  某天，夏目遭遇交通事故，在現場，她聽到車中傳出少女微弱喊救命的聲音，曾在警校受過專業訓練的她，判斷車內可能是一宗綁架案。但警方並不相信她所提供視覺以外的情報，停止調查，但少女的呼救聲讓她一直揮之不去，她找到當時也同樣目擊車禍的滑板少年（高杉真宙 飾），說服他一起尋找犯人蹤跡。  他們逐漸順著線索追查到可能遭到綁架的受害人，和一位被稱為「救神」的神秘人物。木村警官與搭檔吉野（大倉孝二 飾）也開始覺得事有蹊蹺，決定出手相助，並發現了疑似遭到殺害，堆積成山的青少女斷肢屍體。木村警官發現此案與15年前一宗謀殺案之間似乎有相關之處，這時，凶手突然出現並開始跟蹤夏目，讓她身陷險境，…… ,片　　長：02時09分,,"[{'url': 'https://movies.yahoo.com.tw/i/o/production/movies/September2020/AIjhTtDGccU0bJaRw2nY-756x1080.jpg', 'path': 'D:\\Users\\Administrator\\django-react-app\\backend\\server\\django_media\\看不見的目擊者.jpg', 'checksum': 'ae3bd5d869edc795383ce16fc9bf644b', 'status': 'uptodate'}]",4.3,上映日期：2020-10-16,懸疑/驚悚,看不見的目擊者
85,林健一不只看護生病的房東周秀玉，還收養她9歲的孫子王悠宇。他的行為看似超出普通房客，但其實這都是他思念一個人的方式。  然而在周秀玉過世之後，他的動機開始受到質疑。在檢警調查之下，發現越來越多對健一不利的證據……  擅於處理人際關係及身分認同的導演鄭有傑，睽違五年的新作挑戰在陰暗的故事線下，刻畫愛的極限與界線，懸疑中暗藏他擅長的溫暖基調。觀眾隨著敘事遊戲峰迴路轉、抽絲剝繭，現實亦或記憶，是真是假，孰善孰惡，世界豈是非黑即白？由莫子儀、姚淳耀、是元介等全演員陣容，引領觀眾親身深入眾角色矛盾的內心世界。 ,片　　長：01時46分,,"[{'url': 'https://movies.yahoo.com.tw/i/o/production/movies/August2020/qQzS5StZHQ0LzCJPESrV-757x1080.jpg', 'path': 'D:\\Users\\Administrator\\django-react-app\\backend\\server\\django_media\\親愛的房客.jpg', 'checksum': 'cd1af8f8214b47f9811f5166792eb6b8', 'status': 'uptodate'}]",4.3,上映日期：2020-10-23,,親愛的房客
88,劇情描述遭受校園霸凌的四名青少女意外擁有魔法巫術，然而有人為愛走火入魔濫用施法，惹出連串意外並鬧出人命，情況一發不可收拾....。,片　　長：01時34分,,"[{'url': 'https://movies.yahoo.com.tw/i/o/production/movies/October2020/UxnfExfxgNnB595zL53T-1024x1461.jpg', 'path': 'D:\\Users\\Administrator\\django-react-app\\backend\\server\\django_media\\入魔.jpg', 'checksum': '6b417a55f64699bef75596311a3fe3be', 'status': 'uptodate'}]",2.0,上映日期：2020-10-30,劇情,入魔
97,★全球觀眾引僅期盼，最〝燃〞神作動畫首部劇場版 ★《獵人》作者「富堅義博」感動力推 ★日本漫畫總銷量 5 年內突破 6 千萬  《鬼滅之刃》是家人慘遭鬼殺害的少年－竈門炭治郎，為了讓化為鬼的妹妹禰豆子恢復回人 類，自願加入「鬼殺隊」的故事。以人鬼間的悲痛故事、驚心動魄的劍戰，以及偶然穿插的 滑稽場景，贏得廣大人氣，不僅紅遍日本，更掀起全球觀眾的熱烈討論。  緊接在電視版動畫《竈門炭治郎‧立志篇》之後的故事《無限列車篇》，即將登上大銀幕。 炭治郎等人完成「蝴蝶屋」的訓練，下一個目的地是開往黑暗的「無限列車」。  以多人行蹤不明的這輛列車為舞台，炭治郎帶著禰豆子與善逸、伊之助一行人，與鬼殺隊最 強劍士〝柱〞其中之一「炎柱‧煉獄杏壽郎」會合， 新的任務即將開始！ ,片　　長：01時57分,,"[{'url': 'https://movies.yahoo.com.tw/i/o/production/movies/July2020/hFH7arAJqBIZaUdOGiuC-1182x1691.jpg', 'path': 'D:\\Users\\Administrator\\django-react-app\\backend\\server\\django_media\\鬼滅之刃劇場版無限列車篇.jpg', 'checksum': 'c99dd4abc035e951f0deaf1b5d424505', 'status': 'uptodate'}]",4.4,上映日期：2020-10-30,,鬼滅
96,★「京都動畫」虐心打造最動人催淚的愛情物語！ ★延續《紫羅蘭永恆花園》電視動畫情節，正宗本傳續集最終完結！ ★以電視動畫劇情為基礎，原創故事打造女主角「薇爾莉特」的未來！ ★ 集結石川由依、浪川大輔等超人氣聲優陣容擔綱配音！ ★全台動畫迷爭相傳頌「人類聖經」、「宇宙神作」的感人物語！ ★京都動畫大賞輕小說獲獎作品改編，電視動畫原班人馬再度回歸！ ★美不勝收的場面、扣人心弦的故事、響徹心底的音樂、聲優精湛的表現！  為心愛之人，送上最後一封信 ——「愛」究竟是什麼？ 曾經將愛告訴自己、給予自己的那個重要之人。 即使想見，卻再也無法相見。 永遠放開了手的，那個最最重要之人。  從事代筆職業的她，名叫薇爾莉特伊芙加登（石川由依配音）。在讓人們傷痕累累的戰爭結束後數年，嶄新的時代來臨，世界也逐漸恢復平穩，生活並隨著新技術開發而改變。就在讓人們開始往前邁進之時，心懷思念重要之人的薇爾莉特，卻必須在沒有「那個人」的世界中活著。直到某天，她看到了一封信…。  【關於電影】  京都動畫最動人催淚的愛情故事，正宗續集最終完結 《紫羅蘭永恆花園》由日本知名優質動畫品牌「京都動畫」打造，改編自曉佳奈創作、榮獲第5屆京都動畫大獎的輕小說作品，也是京都動畫大獎有史以來，唯一獲得「大賞獎」的作品（其餘幾屆的大賞獎都從缺）。本作女主角「薇爾莉特伊芙加登」，是位擁有金髮藍眼的美麗少女。身為孤兒的她，父母、年紀不詳，然而與她美貌相反的，是她那罕見的戰鬥能力。也因為她在戰爭時期的強大戰力，讓她被軍中同袍無視為人類，反而視為「武器」般的存在。之後因為戰爭失去雙手，薇爾莉特離開軍隊，並裝上義肢，開始在C·H郵政社擔任起「自動手記人偶」的代筆工作。這位像人偶般清澈無暇、沒有多餘感情的少女，為了想要理解當時戰場上重要之人，對她所要傳達的話語，她不斷前往各地，踏上一段尋找何謂「愛」的旅程。透過一次次為不同委託人工作，她與各式各樣的人們相遇，並將對方無法言說的話語，或是綿密的思念，化作一封又一封的書信，將重要之言給投遞出去。她也從這些人身上，逐漸學會人與人之間的相處與情感，並逐漸開始懂得什麼是「愛」…。  電視動畫於2018年1月10日起播出，一播出就引發極大轟動與討論，甚至被網友高度讚譽為「人類聖經」、「宇宙神作」。尤其電視動畫以劇場版的製作品質來打造，也再度證明京都動畫的誠意與製作實力。也因為電視動畫的轟動，讓製作團隊繼續在2019年推出劇場版動畫《紫羅蘭永恆花園外傳－永遠與自動手記人偶－》。尤其外傳在台灣上映後，隨即在影迷之間造成轟動，雖然全台當時只有12家戲院限定映演，不過隨著高度口碑，以及忠實觀眾們的多刷支持，讓該片的最終票房熱賣直逼1200萬元，充分展現本系列作品的絕佳魅力，也讓這部即將在台灣上映的《紫羅蘭永恆花園電影版》未演先轟動，再度受到全台觀眾的廣大關注。  本片將會以完全原創的劇情，為電視動畫的劇情作出延續，並將以「愛」作為主題，讓本系列邁向最終完結。製作團隊與原著作者曉佳奈也彼此分享劇本與設定資訊，讓薇爾莉特在這段追尋、感受「愛」的過程當中，又將會遇到什麼樣的人、事、物？而她某天無意中看到的一封信，內容又將會是什麼樣感動人心的內容？此外，本片的畫面尺寸也從電視動畫系列的16:9，調整為更寬、更適合電影銀幕比例的2.31:1。透過如此適合電影院觀賞的畫面比例，更生動描繪出天空、大海，甚至是山脈的遼遠廣闊。不僅對製作團隊來說是個挑戰，也顯示京都動畫一直推出優質動畫的堅持，值得台灣觀眾進戲院支持！,片　　長：02時20分,,"[{'url': 'https://movies.yahoo.com.tw/i/o/production/movies/August2020/I2xU6snkKGYyBebneXAP-1024x1463.jpg', 'path': 'D:\\Users\\Administrator\\django-react-app\\backend\\server\\django_media\\紫羅蘭永恆花園電影版.jpg', 'checksum': 'eac718d46c3253638d2914c365169dfb', 'status': 'uptodate'}]",4.6,上映日期：2020-09-30,,紫羅蘭
100,★ 討債變養孩擔保品 變脫油瓶！ ★ 韓國影視天后河智苑 回歸大銀幕！ ★ 國民爸爸成東鎰 化身討債大叔！ ★ 新秀童星朴昭怡 萌度破表！  1993年仁川，粗魯又不好相處的高利貸業者頭石（成東鎰 飾）和宗培（金熙元 飾）想拿回欠債，卻意外地帶回九歲的承怡（朴昭怡 飾）作為擔保。  「擔保是什麼意思？」不知道什麼意思就成為擔保的承怡，因承怡媽媽遭到遣返，頭石和宗培必須負責把孩子送給別人領養。本以為承怡被有錢人家領養，卻發現送到不是原先想像的地方，兩人決定把承怡帶回家照顧。突然接管小孩，必須擔保小孩人生的頭石和宗培，與因欠債而被作為擔保的承怡，頭石、宗培、承怡這三個人，不知不覺成為彼此很特別的存在。 去討債卻遇到人生的寶貝！ 今年秋天，「擔保」將成為「寶貝」！  【關於製作】  打造出《機密同盟》、《國際市場：半世紀的諾言》、《喜馬拉雅：返家之路》、《那才是我的世界》等無數賣座電影的JK Film，這次以溫馨療癒的感動新作《無價之保》和觀眾見面。JK Film以訴求滿滿父愛的《國際市場：半世紀的諾言》；詼諧描繪南北韓刑警協同辦案的《機密同盟》；真實事件改編，挑戰遠征高峰的《喜馬拉雅：返家之路》；前拳擊手哥哥和罹患學者症候群的弟弟，開啟一段與眾不同人生的《那才是我的世界》等，透過有趣的劇情，引發群體共鳴，受到廣大觀眾的喜愛。 JK Film在2020年帶給觀眾療癒系新片《無價之保》，訴說著冷酷無情的高利貸業者「頭石」和他的後輩「宗培」，為了去討回欠債，卻意外以九歲的女孩「承怡」作為擔保，及其養育過程中所發生的故事。前往討債的高利貸業者「頭石」和「宗培」，偶然間以孩子作為擔保的獨特設定，引發觀眾的好奇。在電影《美麗的和聲》中使用溫暖的視角，引發在觀眾引發共鳴的導演姜大奎，再次發揮了細膩的執導能力，更增添了對《無價之保》的期待。  一開始讀了劇本後，飾演大人「承怡」的河智苑就感動的流下了淚水，她表示：「觀眾看了《無價之保》之後，一定能夠深刻地感到共鳴，本片是這個時代必不可或缺的電影。」表達出毫不猶豫接演電影的原因。飾演「頭石」的成東鎰表示：「我有自信到可以用我的三個小孩保證，我也很想讓我的小孩看這部電影。」如此表達出強烈的自信，令人更加期待這部電影。像這樣討喜且擁有溫暖魅力的2020療癒系電影《無價之保》，將於今年秋天溫暖上映，不僅給觀眾帶來幸福的微笑，更能讓各年齡層都能感到共鳴，傳遞真誠的感動，留下令人回味的餘韻。 ,片　　長：01時53分,,"[{'url': 'https://movies.yahoo.com.tw/i/o/production/movies/September2020/vatTH1X271UCNCBOdwBn-758x1080.jpg', 'path': 'D:\\Users\\Administrator\\django-react-app\\backend\\server\\django_media\\無價之保.jpg', 'checksum': '6c7457b46d0c09b0db7459f3e12894f7', 'status': 'uptodate'}]",4.3,上映日期：2020-10-08,,無價之保
98,★ 《即刻救援》地表最強硬漢連恩尼遜再次提槍上陣！ ★ 《會計師》製作團隊打造，今年最緊張、過癮的犯罪動作鉅作！ ★ 黑警槍戰、飛車追逐、炸彈爆破，刺激場面讓你腎上腺素飆到最高點！  湯姆（連恩尼遜 飾）是名海軍陸戰隊退役的拆彈專家、同時也是個連續盜取了12家銀行偷得900萬美元現鈔的神鬼大盜，卻在愛上了一位女子安妮（凱特沃許飾）後，決定洗心革面坦白自己的犯罪前科，來換取未來的自由。正當湯姆準備自首時，竟被兩位貪圖鉅款的FBI探員尼文斯（傑寇特尼 飾）、霍爾（安東尼拉莫斯 飾）誣陷殺警。一夜之間，湯姆被聯邦調查局布下天羅地網通緝，為了找回屬於自己的清白，湯姆決定奮力一搏誓死反擊，讓罪有應得的FBI探員付出慘痛的代價！,片　　長：01時39分,,"[{'url': 'https://movies.yahoo.com.tw/i/o/production/movies/August2020/v19e2ctrfbkjrpEWVJbI-756x1080.jpg', 'path': 'D:\\Users\\Administrator\\django-react-app\\backend\\server\\django_media\\倒數反擊.jpg', 'checksum': '31a7bea1d7b383befbda535015ed8695', 'status': 'uptodate'}]",3.6,上映日期：2020-10-08,劇情,倒數反擊
84,★2020動作喜劇再「進化」掀視覺新震撼！ ★《警察故事》神組合 成龍X唐季禮 九度聯手出擊！ ★流量男神楊洋《微微一笑很傾城》挑戰高強度動作片！ ★橫跨歐亞非三大洲，展開陸海空跨國大搜救！ ★導演唐季禮：「最棒、最爽、最過癮的動作喜劇！」  蜚聲國際的民營國際安保公司「急先鋒」由老闆唐煥庭（成龍 飾）成立，秉承傳統鏢局文化，「俠肝義膽、使命必達」。倫敦唐人街，數十萬居民和遊客參與春節舞龍遊行。受保人秦國立（樓學賢　飾）被不明身分人士劫持，休假中的急先鋒隊員雷震宇（楊洋　飾）、張凱旋（艾倫　飾）、彌雅（母其彌雅　飾）奉命趕來救援，經過一場惡鬥，最終救出秦國立。 秦國立曾為中東富商Massym工作，並不知其真實身份為中東某武裝組織頭目，待瞭解實情後秦國立已是後退無門。隨後，Massym在美軍的一次空襲行動喪生，其子Omar僥倖生還，他懷疑秦國立出賣父親並私吞財產故前來復仇，於是策劃了唐人街綁架。得救後的秦國立向急先鋒請求派人去非洲保護女兒Fareeda（徐若晗　飾）。  唐煥庭帶領隊員們前往非洲草原找到Fareeda，Omar則派來傭兵聯合當地盜獵集團與急先鋒隊員展開激戰，急先鋒隊員和Fareeda分散逃入叢林。敵人緊追在後，Fareeda駕駛水陸兩棲車駛入激流，上演一場驚險的激流搏鬥，險象環生，直至急先鋒後援駕直升飛機趕到，救出唐煥庭、彌雅，而雷震宇和Fareeda則落入敵人手中成為人質。  急先鋒利用高科技鎖定人質位置，派出精兵前往位在中東的組織基地實施營救計畫，在炸彈爆炸前一秒救回雷震宇和Fareeda。撤退之際，張凱旋為掩護眾隊友，遭崩塌的建物所掩埋。雷震宇冒著槍林彈雨返回救援，背回已無呼吸的張凱旋。眾人乘車撤離，雷震宇拼死搶救張凱旋，但張依然毫無生命跡象，團隊沉浸在悲傷的氛圍，雷震宇依然不放棄，拼死搶救，最終張凱旋奇蹟似地醒來，眾人轉悲為喜。可是Fareeda父親秦國立被敵人抓走。  原來Massym的財產全用來購買黃金，秦國立帶Omar前往在杜拜的黃金藏匿處。唐煥庭根據秦國立先前留下的資訊，聯合杜拜警方，布下天羅地網。交易現場，出現數輛鍍上黃金的超跑。Omar以黃金車與軍火商交換武器發射密碼，攻擊目標是杜拜港口的美國航母，急先鋒配合杜拜特警展開追緝。  Omar駕駛黃金車衝上杜拜街頭逃竄，購物中心水族館內，Omar及其手下被唐煥庭和雷震宇等急先鋒隊員擊倒，走投無路之下遭到逮捕，急先鋒不辱使命完成任務，收穫各方讚譽！ ,片　　長：01時47分,,"[{'url': 'https://movies.yahoo.com.tw/i/o/production/movies/September2020/Ija7MtdWqTPmW7VEU6dm-756x1080.jpg', 'path': 'D:\\Users\\Administrator\\django-react-app\\backend\\server\\django_media\\急先鋒.jpg', 'checksum': '1ca137babf013ffcdcc39b1fc49cc13e', 'status': 'uptodate'}]",3.2,上映日期：2020-09-30,懸疑/驚悚,急先鋒
97,★ 2020白色情人節，最純粹可愛，又帶有一絲傷心的初戀告白 ★ 億萬名導林孝謙編劇，改編知名作家肆一同名暢銷作品 ★ 集合台灣新生代清新組合，再造愛情電影全新CP  田筱湘（陳妤 飾）是個熱愛肆一散文及塔羅牌算命的女孩，但內心深處，她還有另一個摰愛，就是青梅竹馬的李助豪（曹佑寧 飾），在她求神問卜算出天時地利人和的時機，準備要告白時，李助豪竟先向校花網紅，也是她的好友宋依靜（林映唯 飾）告白了！  宋依靜卻對李助豪開了交往條件，她要求李助豪展現追求誠意的任務就是必需促成3對絕緣的男女展開戀情！包括：冰山美人的美術老師史東與暗戀她多年的健身房老闆劉志晾，還有全校最討人厭的怪妹阿余，她病態般的不停向校草羅丹尼公開示愛，以及黑社會大姊頭御姊竟然看上了哲學系的阿山，要讓這3對神組合交往，簡直是MISSION IMPOSSIBLE。  一向是工具人的李助豪竟傻傻同意要求，消息一出轟動全校，其實束手無策的他趕忙向好友田筱湘求援。田筱湘初戀破滅，卻因捨不得看著好友難過，不得不懷著複雜心情，半推半就下同意幫忙，她心中的初戀會走向剛剛好的完美結局嗎？ ,片　　長：01時48分,,"[{'url': 'https://movies.yahoo.com.tw/i/o/production/movies/July2020/Nbw4ai5lm7sEg1fBsyKQ-800x1143.jpg', 'path': 'D:\\Users\\Administrator\\django-react-app\\backend\\server\\django_media\\可不可以，你也剛好喜歡我.jpg', 'checksum': '85bb183c9f928781b11de6df24b73d08', 'status': 'uptodate'}]",4.6,上映日期：2020-08-21,劇情,可不可以
99,諾蘭導演的全新鉅作《TENET天能》演員卡司包括約翰大衛華盛頓、羅伯派汀森、伊莉莎白戴比姬、亞倫泰勒強森，肯尼斯布萊納和米高肯恩。,片　　長：02時29分,,"[{'url': 'https://movies.yahoo.com.tw/i/o/production/movies/July2020/BcBbypwSLOrhbN6eMbcA-486x720.jpg', 'path': 'D:\\Users\\Administrator\\django-react-app\\backend\\server\\django_media\\TENET天能.jpg', 'checksum': '43a1dcc80faa83d1e27cfd17589e61c2', 'status': 'uptodate'}]",4.1,上映日期：2020-08-27,劇情,天能
99,★1998年柏林影展金熊獎、最佳女主角等三項大獎 ★1999年奧斯卡金像獎最佳外語片、最佳女主角提名、金球獎最佳外語片 ★二十二週年數位修復經典傑作，全世界上最好看的電影國際首映 ★一生必看十大電影_多倫多時報 ★感人肺腑、熱淚盈眶_洛杉磯時報 ★精采絕倫的演技_綜藝報 ★最後結局絕對讓你哭著離場_芝加哥太陽報 ★撼動心靈的傑作_巴西日報  中央車站是巴西里約熱內盧流量最大的車站，朵拉靠著自身識字能力，替不識字的人們寫信為生。  某日，一名少婦帶著十歲的兒子約書亞給他從未謀面的父親寫信，希望約書亞的父親能夠來里約熱內盧找他們，但少婦卻在一出車站後就意外身亡。留下孤苦無依的約書亞在城市裏頭，隻身流落街頭著，本來為人現實的朵拉由於母性的驅使和內心的善良下，答應約書亞要去陪他尋找到父親。  剛開始兩人的相處是十分不愉快，但一路上他們不斷遇到重重難關時，對彼此卻越來越能坦誠相對，而在這段旅程中，朵拉與約書亞相伴在一起，約書亞尋找著父親，朵拉卻也同時尋找到了自己。 ,片　　長：01時51分,,"[{'url': 'https://movies.yahoo.com.tw/i/o/production/movies/August2020/lSb4eghJnJZBZ1RTfYB3-756x1080.jpg', 'path': 'D:\\Users\\Administrator\\django-react-app\\backend\\server\\django_media\\中央車站：數位修復版.jpg', 'checksum': '9f9c9dade049ac1189ce63a13221e7a7', 'status': 'uptodate'}]",4.6,上映日期：2020-09-11,,中央車站
86,,片　　長：01時32分,,"[{'url': 'https://movies.yahoo.com.tw/i/o/production/movies/August2020/Yx5WRbcevcnRqvLskbrP-757x1080.jpg', 'path': 'D:\\Users\\Administrator\\django-react-app\\backend\\server\\django_media\\密弒直播.jpg', 'checksum': 'e15720c062c9385bfb16e052a978ebeb', 'status': 'uptodate'}]",3.2,上映日期：2020-09-11,懸疑/驚悚,密弒直播
97,★ 香港金像獎10項提名，影帝郭富城近年最滿意演出作品 ★ 香港社會最關注「麥當勞」遊民議題 ，聚焦邊緣階層的人生，真實揭露社會底層悲歌 ★ 家人成了陌路人，陌生人反而更像家人，劇情溫情感人，讓人淚流不止，國際影展邀約不斷，口碑滿載，好評無數  假如，我們相信，希望能燃點生命；信念能改寫人生，或許，是我們不知道，希望和信念，往往會瓦解於貧窮…… 阿博（郭富城 飾）曾是一位金融才俊，但一場股災挪用公款，淪為階下囚…… 出獄後的阿博無法面對自我，更無法面對他期待極高的年老母親（鮑起靜 飾），也對為他肩負巨大債務的妹妹感到十分愧疚，因此不想回家，從此成了無家者，活在眾多比他更沒有明天的人當中，似乎讓他找回了一些安全感。十年前，在他意氣風發之時，曾與阿珍（楊千嬅 飾）有過一面之緣，但她卻與落迫時的阿博漸漸走近，希望他重新能振作…… 阿博在快餐店內遇到不少同路人，相互改寫了各自的人生：帶著稚女的苦命媽媽，一直瘋狂打工為欠賭帳的奶奶還債，不敢回家的等伯（萬梓良 飾）、靠街頭賣畫維生的口水祥（張達明 飾）、剛離家出走的孤僻少年深仔等。眾人都以阿博為首，互相扶持，希望能盡力幫助彼此走過人生低谷。  【關於電影】  現今社會，樓價高漲、貧富懸殊、社會傾斜、人際關係疏離，各地食物鏈下的最低層，每天均過著貧苦生活！有人因為付不起昂貴租金、家庭或個人問題、亦或是節省交通費用等等各種原由，每當踏入凌晨，便會不約而同流連在各種地方如公園、天橋甚至24小時營業的速食店借宿一宵，夜宿速食店的這群人被稱為「麥難民」，成為香港夜晚獨特的景像。  電影《麥路人》靈感取材於日趨普遍的香港社會悲情實況，描繪貧窮線下的小人物，每個人都有不同的原因，聚結在24小時速食店，相助守望的感人故事。香港無家者的社會現象由2013年逐漸受關注，根據香港社區組織協會於2019年發佈的調查發現，截至2018年底，全港露宿者的登記人數由2013年的780人上升至1270人，當中接近4成是「麥難民」，增幅高達6倍。 ,片　　長：01時54分,,"[{'url': 'https://movies.yahoo.com.tw/i/o/production/movies/August2020/btVmSUtObxTsga7tK16k-756x1080.jpg', 'path': 'D:\\Users\\Administrator\\django-react-app\\backend\\server\\django_media\\麥路人.jpg', 'checksum': '829f03992dcadc5c318175af51a67100', 'status': 'uptodate'}]",4.2,上映日期：2020-09-17,,麥路人
81,公車司機阿泰（劉冠廷/飾），是一個動作慢吞吞、連手錶的時間、地震的感應都比別人慢的奇葩。他每天都會去郵局，找櫃員楊曉淇（李霈瑜/飾）寄一封不知道給誰的平信。櫃員楊曉淇和阿泰完全相反，是個凡事搶拍的超級急性子，唯獨感情生活毫無進展，年近三十還是母胎單身。情人節前夕，楊曉淇被天菜陽光男劉老師（周群達Duncan/飾）搭訕，終於情竇初開的曉淇和劉老師天雷勾動地火；想不到一覺醒來，劉老師再無音訊、而且情人節居然已經過了？！每天來寄信的阿泰也再也沒出現過...毫無記憶的楊曉淇，開始了一趟尋找真相的奇幻旅程...,片　　長：01時59分,,"[{'url': 'https://movies.yahoo.com.tw/i/o/production/movies/August2020/jw2B1LQsVFrkLNYSpT2d-1024x1484.jpg', 'path': 'D:\\Users\\Administrator\\django-react-app\\backend\\server\\django_media\\消失的情人節.jpg', 'checksum': 'c9dd182a824792004415de676fb0f627', 'status': 'uptodate'}]",4.2,上映日期：2020-09-18,劇情,消失
98,★ 榮獲第72屆坎城影展評審團獎肯定 ★ BBC評為2020年10大最精彩電影 ★ 紐約時報讚嘆「驚心的政治寓言」 ★ 致敬《月光光心慌慌》《突變第三型》驚悚大導約翰．卡本特 ★ 媲美《決殺令》《險路勿近》的血色懸疑之作 ⠀⠀⠀⠀⠀⠀⠀⠀⠀ 在不久的將來，一個名為「巴庫勞」的村子裡，村民正忙著哀悼女村長的辭世，於此同時怪事悄悄地接二連三發生，手機失去訊號、棺材滲水、幾乎與世隔絕的村子也突然來了訪客，而大家也發現，村子在地圖上被消失了……,片　　長：02時11分,,"[{'url': 'https://movies.yahoo.com.tw/i/o/production/movies/September2020/3dmjxm6tXnCnAxhSgQdW-1024x1458.jpg', 'path': 'D:\\Users\\Administrator\\django-react-app\\backend\\server\\django_media\\殺戮荒村.jpg', 'checksum': '5dc582a4164daeacd5a9332a1a2aae44', 'status': 'uptodate'}]",3.8,上映日期：2020-09-25,,殺戮荒村
97,★改編自全球暢銷150萬冊、橫掃國內外逾十項大獎小說《我的房間保衛戰》！  彼得(奧克斯弗格雷飾)與外公艾德(勞勃狄尼洛飾)的感情非常好，直到被迫讓出自己的房間給外公住，彼得搬到了陰森可怕的閣樓，讓他燃起要把房間搶回來的決心！彼得和好友們設計了一連串惡整外公的計劃，包括：把房門拆了、在床上放蛇、把刮鬍泡沫偷換成泡沫膠等無良行為，而被激怒的外公艾德也不是省油的燈，他和一群公嬤輩老友也擬定「加倍奉還」的反擊策略，一場超狂又超鬧的房間保衛戰就此展開！  【關於電影】  改編自全球暢銷150萬冊、橫掃「馬克‧吐溫獎」、「西北太平洋圖書館協會青少年圖書獎」、「內布拉斯加州金索維獎」等國內外逾十項大獎小說《我的房間保衛戰》的2020年度超鬧爆笑喜劇《阿公當家》，集結勞勃狄尼洛、鄔瑪舒曼等影壇金牌卡司聯手搞笑，片中飾演孫子的奧克斯弗格雷更傳承了「教父」阿公與「追殺比爾」憤怒新娘的超狂基因，為搶房間展開超無良惡整大戰，讓飾演阿公的勞勃狄尼洛險些招架不住，在片中隸屬勞勃狄尼洛的公嬤隊員克里斯多夫華肯表示，其中一場彈簧床躲避球PK戲拍到膝蓋差點爆炸，他說：「那天我們這群公嬤隊員只要不小心跌倒，要再站起來還真得花點時間，彷彿聽到鈣質流失的聲音。」而勞勃狄尼洛拋開形象的爆笑演技更讓全劇組都笑到不行，製片馬文波特表示：「勞勃狄尼洛在每一場戲都有各種不同的詮釋方法，他散發著天生的演員魅力，每次看他現場演出都覺得很幸福，他總能用出乎意料的方式逗樂所有人。」,片　　長：01時37分,,"[{'url': 'https://movies.yahoo.com.tw/i/o/production/movies/September2020/wzUVoB4EGEm5Vm8dkWS6-800x1144.jpg', 'path': 'D:\\Users\\Administrator\\django-react-app\\backend\\server\\django_media\\阿公當家.jpg', 'checksum': '35441350e7b0e65fe5d5fe3bcbcaa8f8', 'status': 'uptodate'}]",3.9,上映日期：2020-09-30,喜劇,阿公當家
90,電影《刻在你心底的名字》故事聚焦在80年代剛解嚴的台灣，一對遊走在友誼，愛慕之間的高中同窗，他們在青春的騷動與性啟蒙的渴望牽引下冒險，因為學妹的出現而讓曖昧關係產生變化。,片　　長：01時54分,,"[{'url': 'https://movies.yahoo.com.tw/i/o/production/movies/September2020/iE5GbuAx6NbXVhXrwP5s-771x1080.jpg', 'path': 'D:\\Users\\Administrator\\django-react-app\\backend\\server\\django_media\\刻在你心底的名字.jpg', 'checksum': '4e870978f5c0f4f3e79e92b1fa503d59', 'status': 'uptodate'}]",4.1,上映日期：2020-09-30,劇情,刻在
99,★繼《火線追緝令》、《龍紋身的女孩》後又一懸疑驚悚犯罪力作！ ★《全面追緝令》《桃色追捕令》「推理天王」詹姆斯派特森全球暢銷小說改編！ ★奧斯卡、金球獎最佳外語片《三不管地帶》導演丹尼斯塔諾維奇最新鉅作！ ★耗資6億台幣重金打造，橫跨倫敦、挪威、斯德哥爾摩、美國四地取景拍攝！  每個命案現場都是一幅名畫　只有屍體知道真相...  紐約刑警雅各(傑佛瑞狄恩摩根飾)和前妻瓦萊麗(芳姬詹森飾)的愛女在倫敦度蜜月時慘遭殺害，雅各親赴歐洲見女兒最後一面，卻發現命案疑點重重，為了追捕兇手他私下展開調查，意外捲入了橫跨全歐洲的連環殺人案。連環殺人案遍布巴黎、哥本哈根，法蘭克福和斯德哥爾摩等各地，每起案件的死者都會跟上一位被害者的屍體殘骸一同擺放成宛如藝術品的奇特姿態，讓案情更加撲朔迷離。  而兇手的行蹤成謎，你永遠不知道下一個受害者是誰，除非收到兇手寄來的明信片。這一回，記者黛西(庫什珍寶飾)收到兇手寄出的明信片寫著：「愛將永不消逝…」成為了查案唯一線索，雅各決定與黛西聯手，抽絲剝繭拼湊出連環殺人案的背後真相！,片　　長：01時45分,,"[{'url': 'https://movies.yahoo.com.tw/i/o/production/movies/May2020/U0dO2qNU6QT55hpEyV3i-504x720.jpg', 'path': 'D:\\Users\\Administrator\\django-react-app\\backend\\server\\django_media\\明信片謀殺案.jpg', 'checksum': 'f0d59f7554ee6ea19c84dd87a8cb5a6e', 'status': 'uptodate'}]",3.9,上映日期：2020-06-19,,明信片謀殺案
89,★ 日本人氣NO.1 的「角落小夥伴」首躍大銀幕！全新角色「小灰雞？」獨家登場！ ★日本票房大賣14億日幣，蟬聯4週日本動畫片冠軍，超過120萬名觀眾感動推薦！ ★ 不只風靡兒童界！超感人劇情受封「給大人看的催淚神作」，進場必備衛生紙！ ★ 榮登日本兩大知名網站「PIA映畫生活」、「Filmarks映畫」觀眾首日滿意度冠軍！  為了夥伴，再踏出一步，勇敢走出角落吧！ 這天，角落小夥伴們一如往常地窩在他們最熟悉的角落咖啡廳，卻意外發現地下室中一本古老繪本，正當大家看著繪本時，書上的圖案卻突然動了起來，將他們都吸進了繪本世界裡，還變成了桃太郎、小紅帽與賣火柴的女孩等童話故事的主角！正當小夥伴們不知所措時，遇見了一隻不知道自己從何而來的「小灰雞？」，為了幫忙這位孤零零的新夥伴找到回家的路，小夥伴們決定勇敢走出角落，踏上一段奇幻的童話冒險旅程！,片　　長：01時06分,,"[{'url': 'https://movies.yahoo.com.tw/i/o/production/movies/June2020/OWtQDD9yY22eJZsjaqT4-504x720.jpg', 'path': 'D:\\Users\\Administrator\\django-react-app\\backend\\server\\django_media\\角落小夥伴電影版：魔法繪本裡的新朋友.jpg', 'checksum': '2efca451198ffc78a12c86f1505e3184', 'status': 'uptodate'}]",3.8,上映日期：2020-07-10,動畫,角落小夥伴
83,★《諾亞方舟漂流記》X《小王子》團隊全新CG科技製作 ★龍的復活X太陽精靈公主的魔法 ★前所未見！今年暑假唯一魔幻動畫 ★德國史萊奇Schleich®巴亞拉精靈首度現身大銀幕 ★德國斯圖加特國際動畫影展口碑爆棚 ★中、英雙語同步上映  全力搶救精靈與龍的魔法國度… 「巴亞拉王國」原本是個精靈們與龍和平共處的魔法國度，但在「影精靈」女王歐妃拉的邪惡詭計下，龍蛋被盜走，「太陽精靈」公主蘇拉也被擄至影之王國。這導致了龍的消失，也使原本寧靜祥和的精靈國度逐漸失去魔法…。 長大後、奮力逃回太陽王國的蘇拉，偶然間發現龍其實並未消失。為了拯救世界，讓魔法再次降臨在這片土地上，新任的太陽王國女王艾雅拉決定召集所有精靈，重現消失多年的「龍之盛宴」。蘇拉與她的好友們也被賦予重任，踏上護送龍蛋的驚險旅程…。  【電影簡介】  難以置信的魔幻世界《巴亞拉魔幻冒險》中英雙語同步登場 充滿魔幻精靈與神奇冒險的動畫電影《巴亞拉魔幻冒險》（Bayala: A Magical Adventure），是德國「尤利西斯電影」（Ulysses Filmproduktion）和曾以《小王子》動畫影集轟動歐洲的盧森堡「影像製作」（Fabrique d’Images），集結包括德國、法國、盧森堡、義大利、比利時和愛沙尼亞等100名歐洲優秀視覺藝術家共同繪製的年度鉅獻。該片首開先河將全球知名的德國「史萊奇」（Schleich®）公司旗下「巴亞拉樂園」（Bayala）系列玩偶搬上大銀幕，全新造型的人物，配上CG科技製作，呈現出令人難以置信的魔幻世界與戲劇效果，在德國斯圖加特國際動畫影展首映口碑爆棚後，由美商環球影業及博偉影業聯合發行，首週票房就突破千萬台幣。全新中文、英語版將於台灣同步上映。  《巴亞拉魔幻冒險》劇情描述：自從龍消失在巴拉亞王國之後，精靈們的魔力就開始減弱了。「太陽精靈」公主莎拉與蘇拉，意外發現拯救世界的關鍵：一枚龍蛋。這對雙胞胎姊妹必須護送龍蛋前往龍之峰，決定踏上一段邁向未知的魔幻冒險…。片中不僅美麗精靈和神奇動物一起冒險，連獨角獸、飛馬、巨狼和浣熊也都加入陣容，神奇魔法、患難友誼和曲折故事精彩盡現，一次滿足觀眾所有天馬行空的想像，同時充滿感動與歡笑。  「巴亞拉樂園」人物誕生於2007年，由德國最高品質玩具公司史萊奇（Schleich）所開發。不僅每個玩偶唯妙唯肖，又都有著神話般的精采來歷，獲蒐藏家五顆星的高評。碩果輝煌的兩家歐洲動畫製作公司：德國「尤利西斯」於柏林等國際影展上頻頻奪獎，盧森堡「影像製作」更曾將暢銷世界的《小王子》拍成動畫影集風靡全球。此次聯手出擊，集結了100位視覺藝術家參與繪製，不僅人物表情細膩完美、舞動精靈翅膀生動，華麗奇幻的景緻更是美不勝收，獲國際媒體讚譽是「史萊奇的最完美呈現」。  特別的是，《巴亞拉魔幻冒險》除娛樂效果十足，同時也是一個攸關身分認同與族群和諧相處的故事。尤其電影製作過程，來自許多不同國家的藝術家，各自帶著不同的文化，不斷尋求彼此的理解，與「巴亞拉樂園」劇情核心如出一轍。該片不僅展現人與人的相同與差異，該如何愛人、如何被愛，該如何團結合作、進而產生力量。這部帶有環保寓意的電影，更寓教於樂指出：對抗不公不義，是件何等重要的事！,片　　長：01時24分,,"[{'url': 'https://movies.yahoo.com.tw/i/o/production/movies/July2020/MdAymhYe4Fu7JrDPe901-504x720.jpg', 'path': 'D:\\Users\\Administrator\\django-react-app\\backend\\server\\django_media\\巴亞拉魔幻冒險.jpg', 'checksum': 'a2e4db927d5380a5ae741abf76e763e0', 'status': 'uptodate'}]",2.5,上映日期：2020-08-07,奇幻,巴亞拉魔幻冒險
83,在愛情的世界裡，我們是彼此的怪胎。 陳柏青是一名嚴重神經性強迫症患者，有非常嚴重的潔癖，非不得已要出門時都是全副武裝；穿防塵衣、戴手套、戴口罩，還會不停的洗手，所以他幾乎沒辦法正常社交生活。在一般人眼中，柏青就是個異於常人的怪胎。每月的15號是柏青唯一一天出門採買的日子，就在某個命運的15號，他遇見了與他「同病相憐」的另一個怪胎—陳靜。陳靜除了跟柏青一樣有嚴重的潔癖之外，她的皮膚只要在家以外的地方待上超過四小時就會嚴重過敏，全身長出紅斑。原本以為自己要永遠孤單活在這世界上的兩人，老天爺讓他們相遇，發展出一塵不染的愛情，彷彿擁有了彼此就不再害怕被世界遺棄。然而這段看似命中註定的關係，卻在柏青的強迫症突然消失後，漸漸的變了調…愛情的承諾，真的能永保新鮮嗎？ ,片　　長：01時44分,,"[{'url': 'https://movies.yahoo.com.tw/i/o/production/movies/July2020/eCKLQ6Ezj7x4n1KDd3NZ-489x720.jpg', 'path': 'D:\\Users\\Administrator\\django-react-app\\backend\\server\\django_media\\怪胎.jpg', 'checksum': '046e2d1580113918c0e3e5fb6a4be7b5', 'status': 'uptodate'}]",4.0,上映日期：2020-08-07,劇情,怪胎
100,★橫掃紐西蘭邊鋒影展最佳影片、新導演、新製片、攝影、剪輯等5項大獎提名 ★紐西蘭邊鋒影展最佳新導演 新製片雙料大獎 ★獲選美國 紐波特國際影展 觀摩影片 ★獲選澳洲 卡隆德拉國際影展 觀摩影片 ★獲選美國 勞羅德岱堡國際影展 觀摩影片 ★勇奪 澳洲攝影學會 最佳影片銅獎  《聖雅各的天空》訴說著在聖雅各之路上，關於生命、愛與追尋的故事。  茱莉相伴三十年的丈夫過世了，僅僅16天後，兒子也在河流探險中不幸喪生。半個月內連辦兩場告別式的她，決定收拾起悲傷、踏上聖雅各之路，確定自己能勇敢地走下去…。  結束32年婚姻，蘇珊為慶祝這個堪稱里程碑式的一年，來到了聖雅各之路。原本相約同行，如今一人獨走。帶著愛情的背叛與身體的疼痛，蘇珊決定挑戰自己、走出更長遠的路…。  為幫生病的孫女祈福，泰瑞踏上了聖雅各之路，途中旅人都駐足為他的孫女祈禱，令泰瑞感激涕零。孫女最後還是走了，泰瑞不願再有遺憾，決定重返聖雅各之路、為罕見疾病募款。女婿馬克隨他同行，但傷心的他只想來尋求答案，「為何年幼的她會蒙主恩召？」…  旅途中，他們遇見喜歡結伴同行、不甘寂寞的柯洛，以及酷愛旅行、人生及時行樂的雪若。六個來自澳洲、紐西蘭的旅伴，以38天的汗水與淚水相互扶持，一起走完這條從法國到西班牙、長達800公里的「人生之路」。途中雖得面對各種嚴峻挑戰，卻也鼓舞著他們繼續向前行…。  【關於電影】  38天走完800公里《聖雅各的天空》榮登紐西蘭首週票房冠軍 《聖雅各的天空》是紐澳新銳導演諾爾史密斯(Noel Smyth)及福格斯葛雷迪 (Fergus Grady)聯合執導的首部紀錄電影。全片引領觀眾一路感受、在「聖雅各之路」所發生關於生命、愛與追尋的故事。或許人在健行時邊走邊聊，沒有四目相對的壓力，反而比面對面聊天更能敞開心胸。該片就這樣隨機且意外地捕捉到許多關鍵時刻，不論主角的情緒潰堤、歡笑飲泣的畫面，都真實得令人動容，被媒體形容是「一部喚醒笑聲、淚水和奇蹟的電影」。  《聖雅各的天空》劇情描述：六位來自紐西蘭和澳洲的陌生旅人，各自踏上這條從法國到西班牙的「聖雅各之路」。他們在此不期而遇，途中雖得面對嚴峻的挑戰，每個人卻都超越年齡與體力的限制，從中學習面對生命中的挫敗，開始懂得如何與悲痛共存、並樂觀以對。他們揮灑38天的汗水與淚水，跨越了這條800公里的「人生之路」。途中風雨無歇，幸有旅伴扶持，雖曾令人心碎，卻同時也鼓舞了他們大步向前的勇氣，一切並在旅程終點時，得以徹底脫胎換骨。  《聖雅各的天空》全片是由兩位紐澳導演和音效師所組的三人拍攝團隊，以38天橫跨800公里長的「聖雅各之路」拍攝完成。每位組員皆背負著裝備上路，導演諾爾史密斯甚至背上重達22公斤的器材走完全程。該片由《魔戒》、《哈比人》的後期製作公司剪輯完成，完美呈現「聖雅各之路」的壯闊美景。一拍完就獲選美國紐波特國際影展世界首映，並榮獲紐西蘭邊鋒影展最佳影片、新導演、新製片、攝影、剪輯等5項大獎提名，獲得評審極高評價，「細膩且節制地描繪朝聖者的人生酸楚，並將之動人地融入電影」。《聖雅各的天空》更擊敗了《赤手登峰》所創紀錄、榮登2019年紐西蘭年度週末票房冠軍。 ,片　　長：01時20分,,"[{'url': 'https://movies.yahoo.com.tw/i/o/production/movies/August2020/GxiZn5v9QejDWHcDvJDQ-504x720.jpg', 'path': 'D:\\Users\\Administrator\\django-react-app\\backend\\server\\django_media\\聖雅各的天空.jpg', 'checksum': '086c2724409e088502aad8f9b1b82c1d', 'status': 'uptodate'}]",3.6,上映日期：2020-08-21,,聖雅各的天空
78,★失業潮無薪假中一部能夠能撫慰人心的電影，母親節闔家觀賞唯一選擇!,片　　長：02時06分,,"[{'url': 'https://s.yimg.com/vu/movies/fp/mpost/30/26/3026.jpg', 'path': 'D:\\Users\\Administrator\\django-react-app\\backend\\server\\django_media\\錢不夠用2.jpg', 'checksum': '8d5775cc4f23811494b7dfff82d9cd83', 'status': 'uptodate'}]",4.0,上映日期：2009-05-08,劇情,錢不夠用2
89,在有罕見疾病孩子的家庭裡，爸爸，常常是最先落跑的那個人。,片　　長：01時55分,,"[{'url': 'https://s.yimg.com/vu/movies/fp/mpost/48/87/4887.jpg', 'path': 'D:\\Users\\Administrator\\django-react-app\\backend\\server\\django_media\\一首搖滾上月球.jpg', 'checksum': '026fa073ffe639d4752962df89f81bd6', 'status': 'uptodate'}]",4.2,上映日期：2013-10-04,紀錄片,一首搖滾上月球
76,知己羅倫佐突然辭世，米開朗基羅因此淪落街頭... 名列「文藝復興三傑」之首的米開朗基羅，從小展現對藝術的極高天分。13歲的他曾讓繪畫大師驚艷、感嘆「這孩子懂的比我還多」，更受到當時最具權勢的麥迪奇家族拔擢，打造出多座震驚世人的雕塑。不料命運多舛，提拔他的知己羅倫佐竟突然辭世，米開朗基羅因此淪落街頭...。  頓失依靠的米開朗基羅，回到修道院後改學解剖。他透過研究人體經絡、骨骼結構、肌肉及血管，竟意外開啟人像雕塑的嶄新境界。此時，他在義大利西北部的卡拉拉採石場，發現了全世界最美麗、最細緻的大理石群，讓他深受「永恆」啟發，決心對抗腐敗的俗世心態，打造出跨越永恆的藝術之作。  米開朗基羅果然以壁畫《創世紀》、《最後的審判》及雕塑《大衛像》奠定他在藝術史上破天荒的地位。這些強烈的藝術風格，甚至影響數個世紀的藝術家們，迄今仍無人能超越其成就。電影《米開朗基羅：無盡之詩》藉這名權威史學家的觀點，娓娓道出藝術大師的自我挑戰、追尋永恆的創作故事。  【關於電影】  獨一無二的藝術之旅《米開朗基羅詩》榮登新片票房冠軍 榮獲義大利金像獎提名的電影《米開朗基羅：無盡之詩》（Michelangelo – Endless），是由新銳導演伊曼威利伊布奇（Emanuele Imbucci）執導，並邀請影帝安瑞克羅維梭（Enrico Lo Verso）主演，娓娓道來文藝復興巨擎米開朗基羅追尋藝術完美境界的傳奇人生。該片獲教廷梵諦岡大力支持，首肯出借米開朗基羅壁畫《創世紀》、《最後的審判》與雕塑名作《大衛像》作4K最高規格拍攝，以呼應他對藝術創作的堅持，連義大利影壇都驚呼「前所未見！」，電影榮登義大利電影首周新片票房冠軍。  名列「文藝復興三傑」之首的米開朗基羅，從小展現強大創作能力。年少得志的他，雖在繪畫及雕塑的成就上無人能及，人生卻顛沛流離、異常艱辛，這段歷程也在電影《米開朗基羅：無盡之詩》裡首度曝光。該片考究美術史的苦心感動了教廷，首肯出借多座雕像讓劇組貼近拍攝，成就影史上首部完整蒐集米開朗基羅重要創作的電影，也讓觀眾能藉由此片，感受不朽傑作誕生背後的離奇故事。在片中，生性孤傲的米開朗基羅，夾在藝術與信仰的衝突下，展現出極其激昂的創作力：他不僅勇敢捍衛著藝術的價值，更將「永恆」化為創作靈感，為人類留下最雋永感人的一頁。  《米開朗基羅：無盡之詩》劇情描述周旋於藝術名流、達官顯貴之間的米開朗基羅，不忘其創作初衷、奮力打造能代表「永恆」的藝術之作故事。該片藉中世紀史學家喬爾喬瓦薩里（Giorgio Vasari）權威之眼，一窺這位天才的創作理念與情感，嶄新呈現他之於生命、死亡以及藝術的獨特美學與哲學。電影主要於「文藝之都」羅馬、米蘭及佛羅倫斯三地拍攝，更遠赴義大利西北部「卡拉拉採石場」實地取景，一探米開朗基羅當年找尋雕塑靈感的聖地，目睹他傳世雕塑《聖殤像》、《大衛像》、《摩西像》的誕生。  《米開朗基羅：無盡之詩》打破了劇情片與紀錄片界線，以夾敘夾議的獨特方式，開創傳記電影的全新體驗，獲電影專業網站【Mymovie】形容是一趟「獨一無二的藝術之旅」。 ,片　　長：01時38分,,,3.4,上映日期：2019-07-05,劇情,米開朗基羅：無盡之詩
90,《007：空降危機》、《007：惡魔四伏》以及《美國心玫瑰情》金獎導演山姆曼德斯，以他獨特的想像與遠見執導第一次世界大戰史詩鉅片《1917》。  第一次世界大戰進入最激烈之際，兩名年輕的英國士兵史考菲（《神奇大隊長》喬治麥凱 飾）以及布雷克（《冰與火之歌：權力遊戲》迪恩查爾斯查普曼 飾）受到指派，執行一場看似不可能的任務。他們必須和時間賽跑，冒險進入敵區傳遞一個重要訊息，試圖阻止一場對數百名士兵的致命攻擊 － 其中包括布雷克的親兄弟。  《1917》一片的導演是山姆曼德斯，他和克莉絲蒂威爾森卡恩斯（熱門影集《英國恐怖故事》）共同編寫劇本，製片包括尼爾街製作公司的山姆曼德斯與佩帕哈里斯（《真愛旅程》共同執行製片、《房事告急》執行製片）；珍安譚葛倫（《劫奏》共同製片、《007：惡魔四伏》副製片）；卡勒姆麥克杜格爾（《愛‧滿人間》、《007：空降危機》執行製片）以及布萊恩奧利佛（《火箭人》、《黑天鵝》執行製片）。 ,片　　長：01時59分,,,4.3,上映日期：2020-01-30,,1917
